year,month,type_channel_new,shop_day,shop_week,store,store_region,product,wide,middle,detail,purchase,discount,quantity,family_num_level,age1_group,income_v2,day
2010,1,슈퍼마켓,2010-01-19 00:00:00,화요일,하나로클럽고양점,경기,배친환경_,과일류,배,기타배,5900,,1,3인,40대,200만원 미만,19
2010,1,슈퍼마켓,2010-01-18 00:00:00,월요일,소형슈퍼마켓,경기,바나나필리핀,과일류,바나나,일반바나나,1500,,1,3인,40대,200만원 미만,18
2010,1,슈퍼마켓,2010-01-27 00:00:00,수요일,소형슈퍼마켓,경기,귤,과일류,감귤,밀감,8000,,1,3인,40대,200만원 미만,27
2010,1,슈퍼마켓,2010-01-13 00:00:00,수요일,소형슈퍼마켓,경기,바나나필리핀,과일류,바나나,일반바나나,1130,,1,3인,40대,200만원 미만,13
2010,1,슈퍼마켓,2010-01-19 00:00:00,화요일,하나로클럽고양점,경기,노지감귤국내산_,과일류,감귤,밀감,9600,,2,3인,40대,200만원 미만,19
2010,1,슈퍼마켓,2010-01-08 00:00:00,금요일,소형슈퍼마켓,경기,귤,과일류,감귤,밀감,5000,,1,3인,40대,200만원 미만,8
2010,1,슈퍼마켓,2010-01-19 00:00:00,화요일,하나로클럽고양점,경기,친환경사과,과일류,사과,기타사과,5900,,1,3인,40대,200만원 미만,19
2010,1,슈퍼마켓,2010-01-09 00:00:00,토요일,소형슈퍼마켓,경기,단감국내산_,과일류,단감,단감,1980,,1,3인,40대,200만원 미만,9
2010,1,대형마트,2010-01-24 00:00:00,일요일,이마트일산점,경기,밀감,과일류,감귤,밀감,7980,,1,3인,40대,300만원대,24
2010,1,슈퍼마켓,2010-01-02 00:00:00,토요일,소형슈퍼마켓,경기,레몬국내산_,과일류,레몬,레몬,2200,,1,3인,40대,300만원대,2
2010,1,슈퍼마켓,2010-01-09 00:00:00,토요일,홈플러스익스프레스마두점,경기,사과,과일류,사과,기타사과,6980,,2,4인,40대,400만원대,9
2010,1,슈퍼마켓,2010-01-17 00:00:00,일요일,소형슈퍼마켓,경기,귤,과일류,감귤,밀감,9900,,1,4인,40대,400만원대,17
2010,1,슈퍼마켓,2010-01-15 00:00:00,금요일,홈플러스익스프레스마두점,경기,실속밀감,과일류,감귤,밀감,1990,,1,4인,40대,400만원대,15
2010,1,백화점,2010-01-23 00:00:00,토요일,그랜드백화점일산점,경기,부사,과일류,사과,후지,8940,,3,4인,40대,400만원대,23
2010,1,슈퍼마켓,2010-01-06 00:00:00,수요일,소형슈퍼마켓,경기,귤,과일류,감귤,밀감,8900,,1,4인,40대,400만원대,6
2010,1,슈퍼마켓,2010-01-20 00:00:00,수요일,소형슈퍼마켓,경기,사과국내산_,과일류,사과,기타사과,3980,,1,4인,40대,400만원대,20
2010,1,슈퍼마켓,2010-01-16 00:00:00,토요일,소형슈퍼마켓,경기,신고배국내산_,과일류,배,신고배,4500,,3,4인,40대,400만원대,16
2010,1,슈퍼마켓,2010-01-30 00:00:00,토요일,소형슈퍼마켓,경기,단감,과일류,단감,단감,3000,,1,4인,40대,400만원대,30
2010,1,슈퍼마켓,2010-01-06 00:00:00,수요일,소형슈퍼마켓,경기,부사,과일류,사과,후지,4800,,1,4인,40대,400만원대,6
2010,1,백화점,2010-01-22 00:00:00,금요일,그랜드백화점일산점,경기,부사,과일류,사과,후지,8940,,3,4인,40대,400만원대,22
2010,1,슈퍼마켓,2010-01-02 00:00:00,토요일,소형슈퍼마켓,경기,사과국내산_,과일류,사과,기타사과,5960,,2,4인,40대,400만원대,2
2010,1,슈퍼마켓,2010-01-09 00:00:00,토요일,홈플러스익스프레스마두점,경기,사과,과일류,사과,기타사과,6980,,2,4인,40대,400만원대,9
2010,1,백화점,2010-01-07 00:00:00,목요일,그랜드백화점일산점,경기,바나나,과일류,바나나,일반바나나,1980,,1,4인,40대,400만원대,7
2010,1,슈퍼마켓,2010-01-01 00:00:00,금요일,소형슈퍼마켓,경기,사과국내산_,과일류,사과,기타사과,3500,,1,4인,40대,400만원대,1
2010,1,백화점,2010-01-26 00:00:00,화요일,그랜드백화점일산점,경기,부사,과일류,사과,후지,8940,,3,4인,40대,400만원대,26
2010,1,슈퍼마켓,2010-01-10 00:00:00,일요일,홈플러스익스프레스마두점,경기,고산지바나나,과일류,바나나,일반바나나,3490,,1,4인,40대,300만원대,10
2010,1,슈퍼마켓,2010-01-20 00:00:00,수요일,홈플러스익스프레스마두점,경기,단감대_,과일류,단감,단감,3790,,1,4인,40대,300만원대,20
2010,1,대형마트,2010-01-08 00:00:00,금요일,홈플러스일산점,경기,HMP알뜰사과,과일류,사과,기타사과,2600,,1,5인,40대,300만원대,8
2010,1,대형마트,2010-01-29 00:00:00,금요일,홈플러스일산점,경기,바나나,과일류,바나나,일반바나나,2130,,1,5인,40대,300만원대,29
2010,1,대형마트,2010-01-29 00:00:00,금요일,홈플러스일산점,경기,밀감,과일류,감귤,밀감,2390,,1,5인,40대,300만원대,29
2010,1,슈퍼마켓,2010-01-04 00:00:00,월요일,소형슈퍼마켓,경기,제주감귤,과일류,감귤,밀감,20000,,1,5인,40대,300만원대,4
2010,1,대형마트,2010-01-08 00:00:00,금요일,홈플러스일산점,경기,HMP바나나특_,과일류,바나나,일반바나나,2900,,1,5인,40대,300만원대,8
2010,1,슈퍼마켓,2010-01-04 00:00:00,월요일,소형슈퍼마켓,경기,단감,과일류,단감,단감,7000,,2,5인,40대,300만원대,4
2010,1,대형마트,2010-01-25 00:00:00,월요일,뉴코아일산점,경기,바나나,과일류,바나나,일반바나나,1980,,1,5인,40대,300만원대,25
2010,1,전통시장,2010-01-06 00:00:00,수요일,재래시장,경기,제주감귤,과일류,감귤,밀감,16000,,1,3인,50대,200만원 미만,6
2010,1,전통시장,2010-01-28 00:00:00,목요일,재래시장,경기,제주감귤,과일류,감귤,밀감,13000,,1,3인,50대,200만원 미만,28
2010,1,슈퍼마켓,2010-01-17 00:00:00,일요일,소형슈퍼마켓,경기,귤,과일류,감귤,밀감,3000,,1,3인,50대,200만원대,17
2010,1,슈퍼마켓,2010-01-25 00:00:00,월요일,소형슈퍼마켓,경기,귤,과일류,감귤,밀감,9000,,1,3인,50대,200만원대,25
2010,1,전통시장,2010-01-22 00:00:00,금요일,재래시장,경기,사과,과일류,사과,기타사과,3000,,1,2인,50대,200만원 미만,22
2010,1,슈퍼마켓,2010-01-16 00:00:00,토요일,소형슈퍼마켓,경기,바나나,과일류,바나나,일반바나나,4000,,2,2인,50대,200만원 미만,16
2010,1,슈퍼마켓,2010-01-20 00:00:00,수요일,소형슈퍼마켓,경기,사과,과일류,사과,기타사과,3960,,10,2인,50대,200만원 미만,20
2010,1,전통시장,2010-01-09 00:00:00,토요일,재래시장,경기,귤,과일류,감귤,밀감,9000,,1,2인,50대,200만원 미만,9
2010,1,슈퍼마켓,2010-01-28 00:00:00,목요일,소형슈퍼마켓,경기,조생귤,과일류,감귤,밀감,1500,,1,2인,50대,200만원 미만,28
2010,1,전통시장,2010-01-19 00:00:00,화요일,재래시장,경기,단감,과일류,단감,단감,1000,,4,2인,50대,200만원 미만,19
2010,1,슈퍼마켓,2010-01-16 00:00:00,토요일,소형슈퍼마켓,경기,신고배,과일류,배,신고배,2800,,3,2인,50대,200만원 미만,16
2010,1,전통시장,2010-01-22 00:00:00,금요일,재래시장,경기,감귤,과일류,감귤,밀감,3000,,1,2인,50대,200만원 미만,22
2010,1,전통시장,2010-01-09 00:00:00,토요일,재래시장,경기,사과,과일류,사과,기타사과,2500,,5,2인,50대,200만원 미만,9
2010,1,슈퍼마켓,2010-01-14 00:00:00,목요일,소형슈퍼마켓,경기,부사,과일류,사과,후지,6500,,10,2인,50대,200만원 미만,14
2010,1,슈퍼마켓,2010-01-28 00:00:00,목요일,소형슈퍼마켓,경기,부사,과일류,사과,후지,9800,,2,2인,50대,200만원 미만,28
2010,1,전통시장,2010-01-18 00:00:00,월요일,재래시장,경기,단감,과일류,단감,단감,1000,,4,2인,50대,200만원 미만,18
2010,1,전통시장,2010-01-04 00:00:00,월요일,재래시장,경기,귤,과일류,감귤,밀감,15000,,1,4인,50대,200만원대,4
2010,1,전통시장,2010-01-24 00:00:00,일요일,재래시장,경기,귤,과일류,감귤,밀감,5000,,1,4인,50대,200만원대,24
2010,1,전통시장,2010-01-05 00:00:00,화요일,재래시장,경기,바나나,과일류,바나나,일반바나나,3000,,2,4인,50대,200만원대,5
2010,1,전통시장,2010-01-19 00:00:00,화요일,재래시장,경기,사과,과일류,사과,기타사과,3000,,1,4인,50대,200만원대,19
2010,1,전통시장,2010-01-17 00:00:00,일요일,재래시장,경기,바나나,과일류,바나나,일반바나나,3000,,1,4인,50대,200만원대,17
2010,1,슈퍼마켓,2010-01-04 00:00:00,월요일,소형슈퍼마켓,경기,귤,과일류,감귤,밀감,3000,,1,3인,50대,300만원대,4
2010,1,전통시장,2010-01-14 00:00:00,목요일,재래시장,경기,단감,과일류,단감,단감,3500,,1,3인,50대,300만원대,14
2010,1,슈퍼마켓,2010-01-04 00:00:00,월요일,소형슈퍼마켓,경기,꿀부사국내산_,과일류,사과,후지,4930,,1,3인,50대,300만원대,4
2010,1,슈퍼마켓,2010-01-18 00:00:00,월요일,소형슈퍼마켓,경기,귤,과일류,감귤,밀감,15000,,1,3인,50대,300만원대,18
2010,1,슈퍼마켓,2010-01-25 00:00:00,월요일,소형슈퍼마켓,경기,귤,과일류,감귤,밀감,18000,,1,3인,50대,300만원대,25
2010,1,전통시장,2010-01-09 00:00:00,토요일,재래시장,경기,사과,과일류,사과,기타사과,5000,,1,4인,40대,200만원 미만,9
2010,1,전통시장,2010-01-16 00:00:00,토요일,재래시장,경기,감,과일류,떫은감,일반떫은감,10000,,2,4인,40대,200만원 미만,16
2010,1,전통시장,2010-01-29 00:00:00,금요일,재래시장,경기,사과,과일류,사과,기타사과,5000,,1,4인,40대,200만원 미만,29
2010,1,전통시장,2010-01-16 00:00:00,토요일,재래시장,경기,사과,과일류,사과,기타사과,5000,,1,4인,40대,200만원 미만,16
2010,1,전통시장,2010-01-13 00:00:00,수요일,재래시장,경기,사과,과일류,사과,기타사과,5000,,1,4인,40대,200만원 미만,13
2010,1,전통시장,2010-01-30 00:00:00,토요일,재래시장,경기,귤,과일류,감귤,밀감,5000,,1,4인,40대,200만원 미만,30
2010,1,전통시장,2010-01-03 00:00:00,일요일,재래시장,경기,감,과일류,떫은감,일반떫은감,7000,,1,4인,40대,200만원 미만,3
2010,1,전통시장,2010-01-25 00:00:00,월요일,재래시장,경기,사과,과일류,사과,기타사과,5000,,1,4인,40대,200만원 미만,25
2010,1,전통시장,2010-01-14 00:00:00,목요일,재래시장,경기,귤,과일류,감귤,밀감,5000,,1,4인,40대,200만원 미만,14
2010,1,전통시장,2010-01-22 00:00:00,금요일,재래시장,경기,귤,과일류,감귤,밀감,6000,,1,4인,40대,200만원 미만,22
2010,1,전통시장,2010-01-11 00:00:00,월요일,재래시장,경기,귤,과일류,감귤,밀감,5000,,1,4인,40대,200만원 미만,11
2010,1,전통시장,2010-01-03 00:00:00,일요일,재래시장,경기,사과,과일류,사과,기타사과,5000,,1,4인,40대,200만원 미만,3
2010,1,전통시장,2010-01-30 00:00:00,토요일,재래시장,경기,귤,과일류,감귤,밀감,5000,,1,4인,40대,200만원대,30
2010,1,슈퍼마켓,2010-01-01 00:00:00,금요일,하나로클럽고양점,경기,대봉시,과일류,떫은감,대봉시,9500,,9,4인,40대,200만원대,1
2010,1,슈퍼마켓,2010-01-01 00:00:00,금요일,하나로클럽고양점,경기,단감,과일류,단감,단감,5200,,2,4인,40대,200만원대,1
2010,1,전통시장,2010-01-06 00:00:00,수요일,재래시장,경기,제주서귀포감귤,과일류,감귤,밀감,15000,,1,4인,40대,200만원대,6
2010,1,슈퍼마켓,2010-01-09 00:00:00,토요일,소형슈퍼마켓,경기,꿀부사국내산_,과일류,사과,후지,3950,,1,4인,40대,200만원대,9
2010,1,슈퍼마켓,2010-01-27 00:00:00,수요일,소형슈퍼마켓,경기,꿀부사국내산_,과일류,사과,후지,2980,,1,4인,40대,200만원대,27
2010,1,슈퍼마켓,2010-01-29 00:00:00,금요일,소형슈퍼마켓,경기,제주서귀포감귤,과일류,감귤,밀감,17000,,1,4인,40대,200만원대,29
2010,1,슈퍼마켓,2010-01-27 00:00:00,수요일,소형슈퍼마켓,경기,귤,과일류,감귤,밀감,2800,,1,4인,40대,200만원대,27
2010,1,전통시장,2010-01-06 00:00:00,수요일,재래시장,경기,사과,과일류,사과,기타사과,5000,,1,4인,40대,200만원대,6
2010,1,슈퍼마켓,2010-01-09 00:00:00,토요일,소형슈퍼마켓,경기,조생밀감,과일류,감귤,밀감,6000,,2,4인,40대,200만원대,9
2010,1,대형마트,2010-01-28 00:00:00,목요일,킴스클럽일산점,경기,조생귤,과일류,감귤,밀감,4990,,1,3인,40대,200만원 미만,28
2010,1,슈퍼마켓,2010-01-22 00:00:00,금요일,대형슈퍼마켓,경기,델몬트바나나,과일류,바나나,일반바나나,2165,,1,3인,40대,200만원 미만,22
2010,1,전통시장,2010-01-31 00:00:00,일요일,재래시장,경기,귤,과일류,감귤,밀감,3000,,1,3인,40대,200만원 미만,31
2010,1,전통시장,2010-01-10 00:00:00,일요일,재래시장,경기,귤,과일류,감귤,밀감,3000,,1,3인,40대,200만원 미만,10
2010,1,대형마트,2010-01-28 00:00:00,목요일,킴스클럽일산점,경기,단감특_,과일류,단감,단감,3990,,1,3인,40대,200만원 미만,28
2010,1,전통시장,2010-01-02 00:00:00,토요일,재래시장,경기,단감,과일류,단감,단감,5000,,1,3인,40대,200만원 미만,2
2010,1,전통시장,2010-01-10 00:00:00,일요일,재래시장,경기,배,과일류,배,기타배,10000,,1,3인,40대,200만원 미만,10
2010,1,대형마트,2010-01-15 00:00:00,금요일,킴스클럽일산점,경기,조생귤,과일류,감귤,밀감,4990,,1,3인,40대,200만원 미만,15
2010,1,전통시장,2010-01-02 00:00:00,토요일,재래시장,경기,사과,과일류,사과,기타사과,5000,,1,3인,40대,200만원 미만,2
2010,1,전통시장,2010-01-02 00:00:00,토요일,재래시장,경기,감귤,과일류,감귤,밀감,3000,,1,3인,40대,200만원 미만,2
2010,1,전통시장,2010-01-31 00:00:00,일요일,재래시장,경기,사과,과일류,사과,기타사과,10000,,1,3인,40대,200만원 미만,31
2010,1,슈퍼마켓,2010-01-09 00:00:00,토요일,대형슈퍼마켓,경기,밀감,과일류,감귤,밀감,7800,,1,3인,40대,200만원 미만,9
2010,1,전통시장,2010-01-31 00:00:00,일요일,재래시장,경기,단감,과일류,단감,단감,5000,,1,3인,40대,200만원 미만,31
2010,1,슈퍼마켓,2010-01-12 00:00:00,화요일,대형슈퍼마켓,경기,신고배,과일류,배,신고배,3980,,1,4인,40대,300만원대,12
2010,1,대형마트,2010-01-08 00:00:00,금요일,뉴코아일산점,경기,감귤친환경_,과일류,감귤,밀감,13800,,1,4인,40대,300만원대,8
2010,1,대형마트,2010-01-13 00:00:00,수요일,대형마트일반,경기,당찬사과,과일류,사과,기타사과,12000,,2,4인,40대,300만원대,13
2010,1,전통시장,2010-01-19 00:00:00,화요일,재래시장,경기,귤,과일류,감귤,밀감,28000,,2,4인,40대,300만원대,19
2010,1,전통시장,2010-01-28 00:00:00,목요일,재래시장,경기,사과,과일류,사과,기타사과,5000,,1,4인,40대,300만원대,28
2010,1,슈퍼마켓,2010-01-05 00:00:00,화요일,대형슈퍼마켓,경기,밀감,과일류,감귤,밀감,17800,,1,4인,40대,300만원대,5
2010,1,슈퍼마켓,2010-01-12 00:00:00,화요일,대형슈퍼마켓,경기,오존수세척사과,과일류,사과,기타사과,3990,,1,4인,40대,300만원대,12
2010,1,슈퍼마켓,2010-01-15 00:00:00,금요일,대형슈퍼마켓,경기,바나나,과일류,바나나,일반바나나,2500,,1,4인,40대,300만원대,15
2010,1,전통시장,2010-01-10 00:00:00,일요일,재래시장,경기,밀감,과일류,감귤,밀감,13000,,1,4인,30대,400만원대,10
2010,1,슈퍼마켓,2010-01-21 00:00:00,목요일,대형슈퍼마켓,경기,오렌지수입산_,과일류,오렌지,오렌지,4950,,5,4인,30대,400만원대,21
2010,1,슈퍼마켓,2010-01-04 00:00:00,월요일,대형슈퍼마켓,경기,단감,과일류,단감,단감,2990,,1,4인,30대,400만원대,4
2010,1,슈퍼마켓,2010-01-14 00:00:00,목요일,대형슈퍼마켓,경기,단감,과일류,단감,단감,2990,,1,4인,30대,400만원대,14
2010,1,슈퍼마켓,2010-01-17 00:00:00,일요일,대형슈퍼마켓,경기,밀감,과일류,감귤,밀감,17800,,1,4인,30대,400만원대,17
2010,1,전통시장,2010-01-26 00:00:00,화요일,재래시장,경기,밀감,과일류,감귤,밀감,20000,,1,4인,30대,400만원대,26
2010,1,무점포,2010-01-20 00:00:00,수요일,아파트내임시장,경기,귤,과일류,감귤,밀감,10000,,1,4인,50대,200만원 미만,20
2010,1,전통시장,2010-01-25 00:00:00,월요일,재래시장,경기,귤,과일류,감귤,밀감,10000,,1,4인,50대,200만원 미만,25
2010,1,전통시장,2010-01-11 00:00:00,월요일,재래시장,경기,귤,과일류,감귤,밀감,6000,,1,4인,50대,200만원 미만,11
2010,1,전통시장,2010-01-22 00:00:00,금요일,재래시장,경기,사과,과일류,사과,기타사과,5000,,1,4인,50대,200만원 미만,22
2010,1,슈퍼마켓,2010-01-25 00:00:00,월요일,소형슈퍼마켓,경기,감귤,과일류,감귤,밀감,2400,,1,4인,50대,300만원대,25
2010,1,대형마트,2010-01-16 00:00:00,토요일,롯데마트주엽점,경기,델몬트바나나,과일류,바나나,일반바나나,1980,,1,4인,50대,300만원대,16
2010,1,슈퍼마켓,2010-01-31 00:00:00,일요일,소형슈퍼마켓,경기,홍시,과일류,떫은감,홍시,30000,,1,4인,50대,300만원대,31
2010,1,대형마트,2010-01-06 00:00:00,수요일,롯데마트주엽점,경기,고산지바나나,과일류,바나나,일반바나나,2980,,1,4인,50대,300만원대,6
2010,1,슈퍼마켓,2010-01-25 00:00:00,월요일,소형슈퍼마켓,경기,부사,과일류,사과,후지,4800,,1,4인,50대,300만원대,25
2010,1,무점포,2010-01-22 00:00:00,금요일,아파트내임시장,경기,귤,과일류,감귤,밀감,15000,,1,4인,50대,300만원대,22
2010,1,대형마트,2010-01-12 00:00:00,화요일,롯데마트주엽점,경기,당도선별사과특_,과일류,사과,기타사과,2980,,1,4인,50대,300만원대,12
2010,1,대형마트,2010-01-16 00:00:00,토요일,롯데마트주엽점,경기,제주서귀포감귤,과일류,감귤,밀감,3340,,1,4인,50대,300만원대,16
2010,1,슈퍼마켓,2010-01-25 00:00:00,월요일,소형슈퍼마켓,경기,바나나,과일류,바나나,일반바나나,1800,,1,4인,50대,300만원대,25
2010,1,전통시장,2010-01-19 00:00:00,화요일,재래시장,경기,귤,과일류,감귤,밀감,2000,,1,2인,50대,200만원 미만,19
2010,1,슈퍼마켓,2010-01-23 00:00:00,토요일,대형슈퍼마켓,경기,사과,과일류,사과,기타사과,10000,,1,4인,40대,400만원대,23
2010,1,슈퍼마켓,2010-01-22 00:00:00,금요일,농협고양하나로클럽,경기,단감,과일류,단감,단감,2500,,1,4인,40대,400만원대,22
2010,1,슈퍼마켓,2010-01-23 00:00:00,토요일,대형슈퍼마켓,경기,배,과일류,배,기타배,9000,,1,4인,40대,400만원대,23
2010,1,기타,2010-01-05 00:00:00,화요일,기타,경기,귤,과일류,감귤,밀감,17000,,1,4인,40대,400만원대,5
2010,1,슈퍼마켓,2010-01-24 00:00:00,일요일,수협바다마트탄현점,경기,밀감,과일류,감귤,밀감,3490,,1,4인,40대,400만원대,24
2010,1,슈퍼마켓,2010-01-11 00:00:00,월요일,대형슈퍼마켓,경기,밀감,과일류,감귤,밀감,4560,,1,5인,50대,300만원대,11
2010,1,슈퍼마켓,2010-01-21 00:00:00,목요일,소형슈퍼마켓,경기,단감,과일류,단감,단감,2950,,1,4인,40대,200만원 미만,21
2010,1,슈퍼마켓,2010-01-27 00:00:00,수요일,소형슈퍼마켓,경기,귤,과일류,감귤,밀감,3000,,1,4인,40대,200만원 미만,27
2010,1,온라인몰,2010-01-15 00:00:00,금요일,인터넷구매,온라인,귤,과일류,감귤,밀감,15000,,1,4인,40대,200만원 미만,15
2010,1,대형마트,2010-01-07 00:00:00,목요일,이마트탄현점,경기,네이블오렌지미국산_,과일류,오렌지,오렌지,2500,,1,4인,40대,200만원 미만,7
2010,1,슈퍼마켓,2010-01-21 00:00:00,목요일,소형슈퍼마켓,경기,바나나,과일류,바나나,일반바나나,3420,,1,4인,40대,200만원 미만,21
2010,1,슈퍼마켓,2010-01-22 00:00:00,금요일,소형슈퍼마켓,경기,대봉시,과일류,떫은감,대봉시,5950,,1,4인,40대,300만원대,22
2010,1,슈퍼마켓,2010-01-01 00:00:00,금요일,수협바다마트탄현점,경기,단감특_,과일류,단감,단감,1500,,1,4인,40대,300만원대,1
2010,1,슈퍼마켓,2010-01-19 00:00:00,화요일,홈플러스익스프레스탄현점,경기,바나나,과일류,바나나,일반바나나,1990,,1,4인,40대,300만원대,19
2010,1,슈퍼마켓,2010-01-17 00:00:00,일요일,농협고양하나로클럽,경기,프리미엄배국내산_,과일류,배,기타배,10900,,1,4인,40대,300만원대,17
2010,1,슈퍼마켓,2010-01-17 00:00:00,일요일,농협고양하나로클럽,경기,사과,과일류,사과,기타사과,8900,,1,4인,40대,300만원대,17
2010,1,대형마트,2010-01-23 00:00:00,토요일,이마트탄현점,경기,밀감,과일류,감귤,밀감,6980,,1,4인,40대,300만원대,23
2010,1,슈퍼마켓,2010-01-30 00:00:00,토요일,대형슈퍼마켓,경기,단감,과일류,단감,단감,2500,,1,4인,40대,300만원대,30
2010,1,슈퍼마켓,2010-01-15 00:00:00,금요일,수협바다마트탄현점,경기,참다래,과일류,참다래,그린키위,3440,,1,4인,40대,300만원대,15
2010,1,대형마트,2010-01-02 00:00:00,토요일,이마트탄현점,경기,얼음골사과,과일류,사과,기타사과,4980,,1,4인,40대,300만원대,2
2010,1,슈퍼마켓,2010-01-08 00:00:00,금요일,홈플러스익스프레스탄현점,경기,HMP단감,과일류,단감,단감,4980,,1,4인,40대,300만원대,8
2010,1,슈퍼마켓,2010-01-31 00:00:00,일요일,대형슈퍼마켓,경기,청과류,과일류,기타과일,기타과일,2900,,1,4인,40대,300만원대,31
2010,1,전통시장,2010-01-29 00:00:00,금요일,재래시장,경기,배,과일류,배,기타배,2000,,1,4인,40대,300만원대,29
2010,1,전통시장,2010-01-02 00:00:00,토요일,재래시장,경기,사과,과일류,사과,기타사과,30000,,1,4인,40대,300만원대,2
2010,1,슈퍼마켓,2010-01-16 00:00:00,토요일,소형슈퍼마켓,경기,바나나필리핀산_,과일류,바나나,일반바나나,1500,,1,3인,30대,200만원대,16
2010,1,전문점,2010-01-24 00:00:00,일요일,전문점,경기,귤,과일류,감귤,밀감,2000,,1,3인,30대,200만원대,24
2010,1,슈퍼마켓,2010-01-25 00:00:00,월요일,소형슈퍼마켓,경기,감귤국내산_,과일류,감귤,밀감,2000,,1,3인,30대,200만원대,25
2010,1,슈퍼마켓,2010-01-01 00:00:00,금요일,소형슈퍼마켓,경기,청과류,과일류,기타과일,기타과일,2000,,1,3인,30대,200만원대,1
2010,1,슈퍼마켓,2010-01-28 00:00:00,목요일,소형슈퍼마켓,경기,바나나필리핀산_,과일류,바나나,일반바나나,1500,,1,3인,30대,200만원대,28
2010,1,슈퍼마켓,2010-01-17 00:00:00,일요일,소형슈퍼마켓,경기,감귤국내산_,과일류,감귤,밀감,2000,,1,3인,30대,200만원대,17
2010,1,슈퍼마켓,2010-01-20 00:00:00,수요일,소형슈퍼마켓,경기,사과,과일류,사과,기타사과,3980,,1,3인,30대,200만원대,20
2010,1,슈퍼마켓,2010-01-29 00:00:00,금요일,소형슈퍼마켓,경기,단감국내산_,과일류,단감,단감,3000,,3,3인,30대,200만원대,29
2010,1,슈퍼마켓,2010-01-20 00:00:00,수요일,소형슈퍼마켓,경기,감귤,과일류,감귤,밀감,2000,,1,3인,30대,200만원대,20
2010,1,슈퍼마켓,2010-01-25 00:00:00,월요일,소형슈퍼마켓,경기,단감국내산_,과일류,단감,단감,1500,,1,3인,30대,200만원대,25
2010,1,슈퍼마켓,2010-01-08 00:00:00,금요일,소형슈퍼마켓,경기,귤국내산_,과일류,감귤,밀감,2000,,1,3인,30대,200만원대,8
2010,1,슈퍼마켓,2010-01-29 00:00:00,금요일,소형슈퍼마켓,경기,청과류,과일류,기타과일,기타과일,2000,,1,3인,30대,200만원대,29
2010,1,슈퍼마켓,2010-01-18 00:00:00,월요일,소형슈퍼마켓,경기,청과류,과일류,기타과일,기타과일,1400,,1,3인,30대,200만원대,18
2010,1,슈퍼마켓,2010-01-16 00:00:00,토요일,소형슈퍼마켓,경기,청과류,과일류,기타과일,기타과일,3000,,1,3인,30대,200만원대,16
2010,1,슈퍼마켓,2010-01-13 00:00:00,수요일,소형슈퍼마켓,경기,감귤,과일류,감귤,밀감,4000,,1,3인,30대,200만원대,13
2010,1,슈퍼마켓,2010-01-20 00:00:00,수요일,소형슈퍼마켓,경기,단감,과일류,단감,단감,1500,,1,3인,30대,200만원대,20
2010,1,슈퍼마켓,2010-01-29 00:00:00,금요일,소형슈퍼마켓,경기,바나나,과일류,바나나,일반바나나,3000,,1,4인,50대,300만원대,29
2010,1,슈퍼마켓,2010-01-29 00:00:00,금요일,소형슈퍼마켓,경기,사과,과일류,사과,기타사과,5780,,1,4인,50대,300만원대,29
2010,1,전통시장,2010-01-17 00:00:00,일요일,재래시장,경기,사과,과일류,사과,기타사과,10000,,1,4인,50대,300만원대,17
2010,1,전문점,2010-01-05 00:00:00,화요일,유기농매장,경기,귤,과일류,감귤,밀감,7990,,1,4인,50대,300만원대,5
2010,1,슈퍼마켓,2010-01-23 00:00:00,토요일,소형슈퍼마켓,경기,바나나,과일류,바나나,일반바나나,2000,,1,5인,40대,200만원 미만,23
2010,1,슈퍼마켓,2010-01-10 00:00:00,일요일,소형슈퍼마켓,경기,귤,과일류,감귤,밀감,12000,,1,5인,40대,200만원 미만,10
2010,1,슈퍼마켓,2010-01-21 00:00:00,목요일,소형슈퍼마켓,경기,귤,과일류,감귤,밀감,5000,,1,5인,40대,200만원 미만,21
2010,1,슈퍼마켓,2010-01-18 00:00:00,월요일,소형슈퍼마켓,경기,천도복숭아,과일류,복숭아,천도,5040,,1,5인,40대,200만원 미만,18
2010,1,전통시장,2010-01-23 00:00:00,토요일,재래시장,경기,귤,과일류,감귤,밀감,3000,,1,4인,40대,200만원대,23
2010,1,전통시장,2010-01-16 00:00:00,토요일,재래시장,경기,귤,과일류,감귤,밀감,2000,,1,4인,40대,200만원대,16
2010,1,전통시장,2010-01-26 00:00:00,화요일,재래시장,경기,사과,과일류,사과,기타사과,3000,,6,4인,40대,200만원대,26
2010,1,전통시장,2010-01-23 00:00:00,토요일,재래시장,경기,단감,과일류,단감,단감,2000,,5,4인,40대,200만원대,23
2010,1,전통시장,2010-01-31 00:00:00,일요일,재래시장,경기,델몬트바나나,과일류,바나나,일반바나나,2800,,1,4인,40대,200만원대,31
2010,1,전통시장,2010-01-18 00:00:00,월요일,재래시장,경기,배,과일류,배,기타배,6000,,4,4인,50대,200만원대,18
2010,1,전통시장,2010-01-14 00:00:00,목요일,재래시장,경기,귤,과일류,감귤,밀감,2000,,1,4인,50대,200만원대,14
2010,1,슈퍼마켓,2010-01-08 00:00:00,금요일,소형슈퍼마켓,경기,바나나,과일류,바나나,일반바나나,1500,,1,4인,50대,200만원대,8
2010,1,슈퍼마켓,2010-01-08 00:00:00,금요일,소형슈퍼마켓,경기,배,과일류,배,기타배,3000,,1,4인,50대,200만원대,8
2010,1,슈퍼마켓,2010-01-18 00:00:00,월요일,소형슈퍼마켓,경기,키위,과일류,참다래,기타키위,3000,,3,4인,50대,200만원대,18
2010,1,슈퍼마켓,2010-01-08 00:00:00,금요일,소형슈퍼마켓,경기,감귤,과일류,감귤,밀감,7900,,1,4인,50대,200만원대,8
2010,1,슈퍼마켓,2010-01-08 00:00:00,금요일,소형슈퍼마켓,경기,키위,과일류,참다래,기타키위,1250,,1,4인,50대,200만원대,8
2010,1,슈퍼마켓,2010-01-03 00:00:00,일요일,소형슈퍼마켓,경기,귤,과일류,감귤,밀감,2000,,1,4인,50대,200만원대,3
2010,1,전통시장,2010-01-15 00:00:00,금요일,재래시장,경기,배,과일류,배,기타배,5000,,4,4인,50대,200만원대,15
2010,1,전문점,2010-01-25 00:00:00,월요일,전문점,경기,귤,과일류,감귤,밀감,14000,,1,4인,50대,200만원대,25
2010,1,전통시장,2010-01-18 00:00:00,월요일,재래시장,경기,사과,과일류,사과,기타사과,4000,,4,4인,50대,200만원대,18
2010,1,슈퍼마켓,2010-01-08 00:00:00,금요일,소형슈퍼마켓,경기,자몽,과일류,열대과일,자몽,6900,,3,4인,50대,200만원대,8
2010,1,대형마트,2010-01-09 00:00:00,토요일,이마트부천점,경기,제주골드키위,과일류,참다래,골드키위,8480,,2,4인,50대,200만원대,9
2010,1,전문점,2010-01-25 00:00:00,월요일,전문점,경기,사과,과일류,사과,기타사과,10000,,10,4인,50대,200만원대,25
2010,1,슈퍼마켓,2010-01-15 00:00:00,금요일,소형슈퍼마켓,경기,키위,과일류,참다래,기타키위,3750,,3,4인,50대,200만원대,15
2010,1,전통시장,2010-01-12 00:00:00,화요일,재래시장,경기,배,과일류,배,기타배,5000,,4,4인,50대,200만원대,12
2010,1,전통시장,2010-01-22 00:00:00,금요일,재래시장,경기,감,과일류,떫은감,일반떫은감,3000,,2,4인,40대,200만원대,22
2010,1,전통시장,2010-01-12 00:00:00,화요일,재래시장,경기,귤,과일류,감귤,밀감,4000,,1,4인,40대,200만원대,12
2010,1,전통시장,2010-01-22 00:00:00,금요일,재래시장,경기,귤,과일류,감귤,밀감,4000,,1,4인,40대,200만원대,22
2010,1,슈퍼마켓,2010-01-30 00:00:00,토요일,소형슈퍼마켓,경기,단감,과일류,단감,단감,2500,,1,4인,40대,200만원대,30
2010,1,슈퍼마켓,2010-01-30 00:00:00,토요일,소형슈퍼마켓,경기,감귤,과일류,감귤,밀감,2000,,1,4인,40대,200만원대,30
2010,1,전통시장,2010-01-09 00:00:00,토요일,재래시장,경기,귤,과일류,감귤,밀감,2000,,1,4인,40대,200만원대,9
2010,1,슈퍼마켓,2010-01-16 00:00:00,토요일,소형슈퍼마켓,경기,귤,과일류,감귤,밀감,5000,,1,3인,40대,300만원대,16
2010,1,슈퍼마켓,2010-01-22 00:00:00,금요일,소형슈퍼마켓,경기,청과류,과일류,기타과일,기타과일,6000,,1,3인,40대,300만원대,22
2010,1,슈퍼마켓,2010-01-31 00:00:00,일요일,소형슈퍼마켓,경기,귤,과일류,감귤,밀감,5000,,1,3인,40대,300만원대,31
2010,1,슈퍼마켓,2010-01-12 00:00:00,화요일,소형슈퍼마켓,경기,청과류,과일류,기타과일,기타과일,6000,,2,3인,40대,300만원대,12
2010,1,슈퍼마켓,2010-01-29 00:00:00,금요일,소형슈퍼마켓,경기,청과류,과일류,기타과일,기타과일,9500,,1,3인,40대,300만원대,29
2010,1,슈퍼마켓,2010-01-31 00:00:00,일요일,소형슈퍼마켓,경기,단감,과일류,단감,단감,2500,,1,3인,40대,300만원대,31
2010,1,슈퍼마켓,2010-01-12 00:00:00,화요일,소형슈퍼마켓,경기,귤,과일류,감귤,밀감,3000,,1,5인,30대,200만원 미만,12
2010,1,슈퍼마켓,2010-01-27 00:00:00,수요일,소형슈퍼마켓,경기,바나나,과일류,바나나,일반바나나,3500,,1,5인,30대,200만원 미만,27
2010,1,전통시장,2010-01-22 00:00:00,금요일,재래시장,경기,귤,과일류,감귤,밀감,5000,,1,5인,30대,200만원 미만,22
2010,1,슈퍼마켓,2010-01-06 00:00:00,수요일,홈플러스익스프레스광명철산점,경기,사과,과일류,사과,기타사과,3490,,1,5인,30대,200만원 미만,6
2010,1,슈퍼마켓,2010-01-08 00:00:00,금요일,소형슈퍼마켓,경기,귤,과일류,감귤,밀감,3000,,1,5인,30대,200만원 미만,8
2010,1,슈퍼마켓,2010-01-25 00:00:00,월요일,소형슈퍼마켓,경기,배,과일류,배,기타배,3000,,2,5인,30대,200만원 미만,25
2010,1,슈퍼마켓,2010-01-05 00:00:00,화요일,소형슈퍼마켓,경기,밀감,과일류,감귤,밀감,3000,,1,5인,30대,200만원 미만,5
2010,1,전통시장,2010-01-14 00:00:00,목요일,재래시장,경기,사과,과일류,사과,기타사과,3000,,5,5인,30대,200만원 미만,14
2010,1,슈퍼마켓,2010-01-05 00:00:00,화요일,소형슈퍼마켓,경기,바나나,과일류,바나나,일반바나나,2500,,1,5인,30대,200만원 미만,5
2010,1,슈퍼마켓,2010-01-17 00:00:00,일요일,소형슈퍼마켓,경기,효돈감귤,과일류,감귤,밀감,18000,,1,6인,30대,200만원대,17
2010,1,대형마트,2010-01-29 00:00:00,금요일,2001아울렛철산점,경기,돌바나나,과일류,바나나,일반바나나,2083,,1,6인,30대,200만원 미만,29
2010,1,대형마트,2010-01-16 00:00:00,토요일,이마트구로점,서울,밀감,과일류,감귤,밀감,6980,,1,6인,30대,200만원 미만,16
2010,1,대형마트,2010-01-09 00:00:00,토요일,이마트구로점,서울,밀감,과일류,감귤,밀감,12900,,1,6인,30대,200만원 미만,9
2010,1,대형마트,2010-01-09 00:00:00,토요일,이마트구로점,서울,당찬사과,과일류,사과,기타사과,5980,,1,6인,30대,200만원 미만,9
2010,1,슈퍼마켓,2010-01-06 00:00:00,수요일,소형슈퍼마켓,경기,사과,과일류,사과,기타사과,3500,,7,6인,30대,200만원 미만,6
2010,1,슈퍼마켓,2010-01-06 00:00:00,수요일,소형슈퍼마켓,경기,귤,과일류,감귤,밀감,3000,,1,6인,30대,200만원 미만,6
2010,1,슈퍼마켓,2010-01-08 00:00:00,금요일,홈플러스익스프레스광명철산점,경기,사과,과일류,사과,기타사과,3490,,1,4인,30대,200만원대,8
2010,1,온라인몰,2010-01-10 00:00:00,일요일,인터넷구매,온라인,제주감귤,과일류,감귤,밀감,11300,,1,4인,30대,200만원대,10
2010,1,슈퍼마켓,2010-01-15 00:00:00,금요일,롯데슈퍼광명점,경기,단감,과일류,단감,단감,1980,,5,4인,30대,200만원대,15
2010,1,온라인몰,2010-01-22 00:00:00,금요일,인터넷구매,온라인,사과,과일류,사과,기타사과,11900,,1,4인,30대,200만원대,22
2010,1,온라인몰,2010-01-28 00:00:00,목요일,인터넷구매,온라인,제주감귤,과일류,감귤,밀감,13000,,1,4인,30대,200만원대,28
2010,1,슈퍼마켓,2010-01-31 00:00:00,일요일,롯데슈퍼광명점,경기,단감,과일류,단감,단감,1980,,1,4인,30대,200만원대,31
2010,1,대형마트,2010-01-16 00:00:00,토요일,롯데마트금천점,서울,당도선별사과특_,과일류,사과,기타사과,3480,,1,4인,30대,200만원대,16
2010,1,슈퍼마켓,2010-01-27 00:00:00,수요일,소형슈퍼마켓,경기,키위,과일류,참다래,기타키위,3000,,1,4인,30대,200만원대,27
2010,1,슈퍼마켓,2010-01-27 00:00:00,수요일,소형슈퍼마켓,경기,바나나,과일류,바나나,일반바나나,2700,,1,4인,30대,200만원대,27
2010,1,슈퍼마켓,2010-01-11 00:00:00,월요일,소형슈퍼마켓,경기,델몬트파인애플,과일류,파인애플,파인애플,2600,,1,4인,30대,200만원대,11
2010,1,슈퍼마켓,2010-01-31 00:00:00,일요일,롯데슈퍼광명점,경기,바나나,과일류,바나나,일반바나나,1880,,1,4인,30대,200만원대,31
2010,1,슈퍼마켓,2010-01-23 00:00:00,토요일,롯데슈퍼광명점,경기,못난이사과,과일류,사과,기타사과,1980,,1,4인,30대,200만원대,23
2010,1,슈퍼마켓,2010-01-10 00:00:00,일요일,홈플러스익스프레스광명철산점,경기,바나나,과일류,바나나,일반바나나,2190,,1,3인,30대,200만원대,10
2010,1,전문점,2010-01-14 00:00:00,목요일,전문점,경기,키위,과일류,참다래,기타키위,10000,,8,4인,30대,300만원대,14
2010,1,슈퍼마켓,2010-01-22 00:00:00,금요일,소형슈퍼마켓,경기,귤,과일류,감귤,밀감,13000,,1,4인,30대,300만원대,22
2010,1,전문점,2010-01-14 00:00:00,목요일,전문점,경기,귤,과일류,감귤,밀감,10000,,1,4인,30대,300만원대,14
2010,1,전문점,2010-01-18 00:00:00,월요일,전문점,경기,바나나,과일류,바나나,일반바나나,6000,,1,4인,30대,300만원대,18
2010,1,슈퍼마켓,2010-01-28 00:00:00,목요일,소형슈퍼마켓,경기,단감국내산_,과일류,단감,단감,3500,,1,4인,30대,300만원대,28
2010,1,전문점,2010-01-14 00:00:00,목요일,전문점,경기,바나나,과일류,바나나,일반바나나,5000,,1,4인,30대,300만원대,14
2010,1,온라인몰,2010-01-09 00:00:00,토요일,인터넷구매,온라인,귤,과일류,감귤,밀감,14800,,1,4인,40대,300만원대,9
2010,1,대형마트,2010-01-29 00:00:00,금요일,2001아울렛철산점,경기,감,과일류,떫은감,일반떫은감,7960,,2,4인,40대,300만원대,29
2010,1,전문점,2010-01-19 00:00:00,화요일,유기농매장,경기,귤,과일류,감귤,밀감,14000,,1,4인,40대,300만원대,19
2010,1,온라인몰,2010-01-09 00:00:00,토요일,인터넷구매,온라인,사과,과일류,사과,기타사과,28000,,1,4인,40대,200만원 미만,9
2010,1,온라인몰,2010-01-09 00:00:00,토요일,인터넷구매,온라인,귤,과일류,감귤,밀감,15800,,1,4인,40대,200만원 미만,9
2010,1,온라인몰,2010-01-18 00:00:00,월요일,인터넷구매,온라인,귤,과일류,감귤,밀감,14800,,1,4인,40대,200만원 미만,18
2010,1,온라인몰,2010-01-25 00:00:00,월요일,인터넷구매,온라인,귤,과일류,감귤,밀감,14800,,1,4인,40대,200만원대,25
2010,1,온라인몰,2010-01-14 00:00:00,목요일,인터넷구매,온라인,귤,과일류,감귤,밀감,14800,,1,4인,40대,200만원대,14
2010,1,슈퍼마켓,2010-01-05 00:00:00,화요일,소형슈퍼마켓,경기,귤,과일류,감귤,밀감,23000,,1,4인,40대,200만원대,5
2010,1,슈퍼마켓,2010-01-04 00:00:00,월요일,소형슈퍼마켓,경기,부사,과일류,사과,후지,6950,,1,4인,30대,400만원대,4
2010,1,대형마트,2010-01-07 00:00:00,목요일,세이브존광명점,경기,밀감국내산_,과일류,감귤,밀감,8980,,1,4인,30대,400만원대,7
2010,1,무점포,2010-01-19 00:00:00,화요일,노점,경기,사과,과일류,사과,기타사과,10000,,1,4인,30대,400만원대,19
2010,1,슈퍼마켓,2010-01-04 00:00:00,월요일,소형슈퍼마켓,경기,청과류,과일류,기타과일,기타과일,4000,,1,4인,30대,400만원대,4
2010,1,대형마트,2010-01-29 00:00:00,금요일,세이브존광명점,경기,단감국내산_,과일류,단감,단감,1480,,1,4인,30대,400만원대,29
2010,1,전통시장,2010-01-01 00:00:00,금요일,재래시장,경기,귤,과일류,감귤,밀감,4000,,2,4인,30대,400만원대,1
2010,1,전통시장,2010-01-23 00:00:00,토요일,재래시장,경기,대봉감,과일류,떫은감,대봉,5000,,5,4인,30대,400만원대,23
2010,1,대형마트,2010-01-07 00:00:00,목요일,세이브존광명점,경기,사과국내산_,과일류,사과,기타사과,3800,,1,4인,30대,400만원대,7
2010,1,대형마트,2010-01-29 00:00:00,금요일,세이브존광명점,경기,부사국내산_,과일류,사과,후지,4480,,1,4인,30대,400만원대,29
2010,1,전통시장,2010-01-12 00:00:00,화요일,재래시장,경기,배,과일류,배,기타배,3000,,2,4인,30대,400만원대,12
2010,1,대형마트,2010-01-16 00:00:00,토요일,홈플러스금천점,서울,바나나특_,과일류,바나나,일반바나나,2800,,1,4인,30대,400만원대,16
2010,1,전통시장,2010-01-26 00:00:00,화요일,재래시장,경기,배,과일류,배,기타배,2000,,2,4인,30대,400만원대,26
2010,1,대형마트,2010-01-07 00:00:00,목요일,세이브존광명점,경기,단감국내산_,과일류,단감,단감,1250,,1,4인,30대,400만원대,7
2010,1,전통시장,2010-01-26 00:00:00,화요일,재래시장,경기,귤,과일류,감귤,밀감,2000,,1,4인,30대,400만원대,26
2010,1,대형마트,2010-01-07 00:00:00,목요일,세이브존광명점,경기,그린키위뉴질랜드_,과일류,참다래,그린키위,2980,,1,4인,30대,400만원대,7
2010,1,전통시장,2010-01-12 00:00:00,화요일,재래시장,경기,단감,과일류,단감,단감,2000,,1,4인,30대,400만원대,12
2010,1,전통시장,2010-01-23 00:00:00,토요일,재래시장,경기,귤,과일류,감귤,밀감,4000,,1,4인,30대,400만원대,23
2010,1,대형마트,2010-01-23 00:00:00,토요일,뉴코아광명점,경기,그린키위뉴질랜드_,과일류,참다래,그린키위,3780,,2,4인,40대,400만원대,23
2010,1,전통시장,2010-01-01 00:00:00,금요일,재래시장,경기,사과,과일류,사과,기타사과,25000,,1,4인,40대,400만원대,1
2010,1,전통시장,2010-01-27 00:00:00,수요일,재래시장,경기,한라봉,과일류,감귤,한라봉,48000,,1,4인,40대,400만원대,27
2010,1,전통시장,2010-01-19 00:00:00,화요일,재래시장,경기,사과,과일류,사과,기타사과,38000,,1,4인,40대,400만원대,19
2010,1,전통시장,2010-01-24 00:00:00,일요일,재래시장,경기,귤,과일류,감귤,밀감,18000,,1,4인,40대,400만원대,24
2010,1,전통시장,2010-01-27 00:00:00,수요일,재래시장,경기,귤,과일류,감귤,밀감,25000,,1,4인,40대,400만원대,27
2010,1,대형마트,2010-01-05 00:00:00,화요일,뉴코아광명점,경기,그린키위뉴질랜드_,과일류,참다래,그린키위,5980,,2,4인,40대,400만원대,5
2010,1,전통시장,2010-01-06 00:00:00,수요일,재래시장,경기,귤,과일류,감귤,밀감,18000,,1,4인,40대,400만원대,6
2010,1,전통시장,2010-01-20 00:00:00,수요일,재래시장,경기,한라봉,과일류,감귤,한라봉,30000,,1,4인,40대,400만원대,20
2010,1,대형마트,2010-01-05 00:00:00,화요일,뉴코아광명점,경기,돌바나나,과일류,바나나,일반바나나,1300,,1,4인,40대,400만원대,5
2010,1,슈퍼마켓,2010-01-16 00:00:00,토요일,소형슈퍼마켓,경기,부사,과일류,사과,후지,9500,,1,4인,30대,300만원대,16
2010,1,슈퍼마켓,2010-01-06 00:00:00,수요일,소형슈퍼마켓,경기,바나나,과일류,바나나,일반바나나,2000,,1,4인,30대,300만원대,6
2010,1,슈퍼마켓,2010-01-14 00:00:00,목요일,소형슈퍼마켓,경기,밀감,과일류,감귤,밀감,11500,,1,4인,30대,300만원대,14
2010,1,슈퍼마켓,2010-01-16 00:00:00,토요일,소형슈퍼마켓,경기,바나나,과일류,바나나,일반바나나,2000,,1,4인,30대,300만원대,16
2010,1,슈퍼마켓,2010-01-06 00:00:00,수요일,소형슈퍼마켓,경기,단감,과일류,단감,단감,2300,,5,4인,30대,300만원대,6
2010,1,슈퍼마켓,2010-01-16 00:00:00,토요일,소형슈퍼마켓,경기,키위,과일류,참다래,기타키위,2500,,1,4인,30대,300만원대,16
2010,1,슈퍼마켓,2010-01-29 00:00:00,금요일,소형슈퍼마켓,경기,귤,과일류,감귤,밀감,15000,,1,4인,30대,300만원대,29
2010,1,슈퍼마켓,2010-01-16 00:00:00,토요일,소형슈퍼마켓,경기,부사,과일류,사과,후지,9500,,1,4인,30대,300만원대,16
2010,1,슈퍼마켓,2010-01-20 00:00:00,수요일,소형슈퍼마켓,경기,바나나,과일류,바나나,일반바나나,1400,,1,4인,30대,300만원대,20
2010,1,슈퍼마켓,2010-01-07 00:00:00,목요일,소형슈퍼마켓,경기,바나나,과일류,바나나,일반바나나,2000,,1,4인,30대,300만원대,7
2010,1,전문점,2010-01-20 00:00:00,수요일,전문점,경기,하효감귤,과일류,감귤,밀감,17000,,1,4인,30대,300만원대,20
2010,1,전통시장,2010-01-17 00:00:00,일요일,재래시장,경기,감귤,과일류,감귤,밀감,2000,,1,4인,30대,300만원대,17
2010,1,전문점,2010-01-08 00:00:00,금요일,전문점,경기,감귤,과일류,감귤,밀감,16000,,1,4인,30대,300만원대,8
2010,1,슈퍼마켓,2010-01-04 00:00:00,월요일,소형슈퍼마켓,경기,사과,과일류,사과,기타사과,2000,,3,4인,30대,300만원대,4
2010,1,무점포,2010-01-25 00:00:00,월요일,노점,경기,귤,과일류,감귤,밀감,11000,,1,3인,30대,200만원대,25
2010,1,기타,2010-01-06 00:00:00,수요일,기타,경기,귤,과일류,감귤,밀감,11000,,1,3인,30대,200만원대,6
2010,1,대형마트,2010-01-16 00:00:00,토요일,뉴코아광명점,경기,감귤,과일류,감귤,밀감,3280,,1,4인,30대,200만원대,16
2010,1,대형마트,2010-01-26 00:00:00,화요일,뉴코아광명점,경기,사과,과일류,사과,기타사과,3980,,1,4인,30대,200만원대,26
2010,1,대형마트,2010-01-07 00:00:00,목요일,뉴코아광명점,경기,직수입돌바나나,과일류,바나나,일반바나나,2370,,1,4인,30대,200만원대,7
2010,1,대형마트,2010-01-23 00:00:00,토요일,뉴코아광명점,경기,바나나,과일류,바나나,일반바나나,1980,,1,4인,30대,200만원대,23
2010,1,대형마트,2010-01-01 00:00:00,금요일,뉴코아광명점,경기,감귤,과일류,감귤,밀감,4480,,1,4인,30대,200만원대,1
2010,1,대형마트,2010-01-07 00:00:00,목요일,뉴코아광명점,경기,사과,과일류,사과,기타사과,4480,,1,4인,30대,200만원대,7
2010,1,대형마트,2010-01-08 00:00:00,금요일,킴스클럽하안점,경기,바나나잔발,과일류,바나나,일반바나나,2130,,1,3인,30대,300만원대,8
2010,1,대형마트,2010-01-08 00:00:00,금요일,킴스클럽하안점,경기,조생귤,과일류,감귤,밀감,4990,,1,3인,30대,300만원대,8
2010,1,슈퍼마켓,2010-01-15 00:00:00,금요일,소형슈퍼마켓,경기,감귤,과일류,감귤,밀감,18000,,1,3인,30대,300만원대,15
2010,1,슈퍼마켓,2010-01-15 00:00:00,금요일,소형슈퍼마켓,경기,사과,과일류,사과,기타사과,20000,,1,3인,30대,300만원대,15
2010,1,대형마트,2010-01-12 00:00:00,화요일,킴스클럽하안점,경기,키위판,과일류,참다래,기타키위,1300,,1,3인,30대,300만원대,12
2010,1,대형마트,2010-01-26 00:00:00,화요일,세이브존광명점,경기,밀감국내산_,과일류,감귤,밀감,9800,,1,4인,30대,200만원대,26
2010,1,대형마트,2010-01-18 00:00:00,월요일,롯데마트금천점,서울,제주서귀포올레길감귤,과일류,감귤,밀감,9800,,1,4인,30대,200만원대,18
2010,1,대형마트,2010-01-02 00:00:00,토요일,롯데마트금천점,서울,제주서귀포올레길감귤,과일류,감귤,밀감,7560,,1,4인,30대,200만원대,2
2010,1,대형마트,2010-01-09 00:00:00,토요일,세이브존광명점,경기,밀감국내산_,과일류,감귤,밀감,9800,,1,4인,30대,200만원대,9
2010,1,대형마트,2010-01-09 00:00:00,토요일,세이브존광명점,경기,단감국내산_,과일류,단감,단감,1480,,1,4인,30대,200만원대,9
2010,1,대형마트,2010-01-18 00:00:00,월요일,롯데마트금천점,서울,델몬트바나나,과일류,바나나,일반바나나,1980,,1,4인,30대,200만원대,18
2010,1,대형마트,2010-01-29 00:00:00,금요일,롯데마트금천점,서울,당도선별사과,과일류,사과,기타사과,3480,,1,4인,30대,200만원대,29
2010,1,슈퍼마켓,2010-01-21 00:00:00,목요일,하나로마트광명농협,경기,사과,과일류,사과,기타사과,4000,,5,4인,30대,200만원대,21
2010,1,전통시장,2010-01-11 00:00:00,월요일,재래시장,경기,귤,과일류,감귤,밀감,10000,,1,4인,40대,400만원대,11
2010,1,전통시장,2010-01-17 00:00:00,일요일,재래시장,경기,귤,과일류,감귤,밀감,11000,,1,4인,40대,400만원대,17
2010,1,대형마트,2010-01-30 00:00:00,토요일,롯데마트구리점,경기,델몬트바나나,과일류,바나나,일반바나나,1980,,1,4인,40대,400만원대,30
2010,1,대형마트,2010-01-01 00:00:00,금요일,롯데마트구리점,경기,고산지바나나,과일류,바나나,일반바나나,4980,,1,4인,40대,400만원대,1
2010,1,전통시장,2010-01-17 00:00:00,일요일,재래시장,경기,스위티오바나나,과일류,바나나,일반바나나,5000,,1,4인,40대,400만원대,17
2010,1,대형마트,2010-01-10 00:00:00,일요일,롯데마트구리점,경기,당도선별사과특_,과일류,사과,기타사과,5960,,2,4인,40대,400만원대,10
2010,1,대형마트,2010-01-25 00:00:00,월요일,롯데마트구리점,경기,참다래,과일류,참다래,그린키위,3980,,2,4인,40대,400만원대,25
2010,1,전통시장,2010-01-11 00:00:00,월요일,재래시장,경기,단감,과일류,단감,단감,5000,,10,4인,40대,400만원대,11
2010,1,전통시장,2010-01-11 00:00:00,월요일,재래시장,경기,사과,과일류,사과,기타사과,9000,,1,4인,40대,400만원대,11
2010,1,전통시장,2010-01-30 00:00:00,토요일,재래시장,경기,사과,과일류,사과,기타사과,36000,,1,4인,40대,400만원대,30
2010,1,전통시장,2010-01-30 00:00:00,토요일,재래시장,경기,귤,과일류,감귤,밀감,23000,,1,4인,40대,400만원대,30
2010,1,무점포,2010-01-12 00:00:00,화요일,노점,경기,귤,과일류,감귤,밀감,10000,,1,2인,40대,400만원대,12
2010,1,무점포,2010-01-14 00:00:00,목요일,아파트내임시장,경기,사과,과일류,사과,기타사과,10000,,1,4인,50대,400만원대,14
2010,1,무점포,2010-01-21 00:00:00,목요일,아파트내임시장,경기,단감,과일류,단감,단감,4000,,1,4인,50대,400만원대,21
2010,1,무점포,2010-01-14 00:00:00,목요일,아파트내임시장,경기,귤,과일류,감귤,밀감,10000,,1,4인,50대,400만원대,14
2010,1,백화점,2010-01-17 00:00:00,일요일,GS스퀘어구리점,경기,귤,과일류,감귤,밀감,7900,,1,4인,40대,200만원대,17
2010,1,전통시장,2010-01-27 00:00:00,수요일,재래시장,경기,귤,과일류,감귤,밀감,20000,,1,4인,40대,200만원대,27
2010,1,백화점,2010-01-08 00:00:00,금요일,GS스퀘어구리점,경기,밀감,과일류,감귤,밀감,2360,,1,4인,40대,200만원대,8
2010,1,전통시장,2010-01-03 00:00:00,일요일,재래시장,경기,키위,과일류,참다래,기타키위,2000,,5,4인,40대,200만원대,3
2010,1,무점포,2010-01-28 00:00:00,목요일,아파트내임시장,경기,귤,과일류,감귤,밀감,5000,,1,4인,40대,200만원대,28
2010,1,대형마트,2010-01-31 00:00:00,일요일,롯데마트구리점,경기,제주서귀포감귤,과일류,감귤,밀감,7000,,1,4인,40대,200만원대,31
2010,1,무점포,2010-01-14 00:00:00,목요일,아파트내임시장,경기,귤,과일류,감귤,밀감,5000,,1,4인,40대,200만원대,14
2010,1,슈퍼마켓,2010-01-29 00:00:00,금요일,대형슈퍼마켓,경기,대봉연시,과일류,떫은감,대봉시,9900,,1,4인,40대,200만원대,29
2010,1,무점포,2010-01-21 00:00:00,목요일,아파트내임시장,경기,사과,과일류,사과,기타사과,15000,,17,4인,40대,200만원대,21
2010,1,대형마트,2010-01-22 00:00:00,금요일,롯데마트구리점,경기,골든파인애플,과일류,파인애플,파인애플,3980,,1,4인,40대,200만원 미만,22
2010,1,대형마트,2010-01-29 00:00:00,금요일,롯데마트구리점,경기,고산지바나나,과일류,바나나,일반바나나,2868,,1,4인,40대,200만원 미만,29
2010,1,대형마트,2010-01-13 00:00:00,수요일,롯데마트구리점,경기,골든파인애플,과일류,파인애플,파인애플,3980,,1,4인,40대,200만원 미만,13
2010,1,대형마트,2010-01-22 00:00:00,금요일,롯데마트구리점,경기,델몬트바나나,과일류,바나나,일반바나나,1500,,1,4인,40대,200만원 미만,22
2010,1,대형마트,2010-01-22 00:00:00,금요일,롯데마트구리점,경기,당도선별롯데랑얼음골사과,과일류,사과,기타사과,4980,,1,4인,40대,200만원 미만,22
2010,1,대형마트,2010-01-02 00:00:00,토요일,롯데마트구리점,경기,골든파인애플,과일류,파인애플,파인애플,3980,,1,4인,40대,200만원 미만,2
2010,1,대형마트,2010-01-29 00:00:00,금요일,롯데마트구리점,경기,당도선별롯데랑얼음골사과,과일류,사과,기타사과,4980,,1,4인,40대,200만원 미만,29
2010,1,대형마트,2010-01-09 00:00:00,토요일,롯데마트구리점,경기,당도선별롯데랑얼음골사과,과일류,사과,기타사과,4980,,1,4인,40대,200만원 미만,9
2010,1,대형마트,2010-01-02 00:00:00,토요일,롯데마트구리점,경기,당도선별롯데랑얼음골사과,과일류,사과,기타사과,4980,,1,4인,40대,200만원 미만,2
2010,1,대형마트,2010-01-13 00:00:00,수요일,롯데마트구리점,경기,당도선별롯데랑얼음골사과,과일류,사과,기타사과,4980,,1,4인,40대,200만원 미만,13
2010,1,대형마트,2010-01-02 00:00:00,토요일,롯데마트구리점,경기,프라임고당도배,과일류,배,기타배,6980,,1,4인,40대,200만원 미만,2
2010,1,슈퍼마켓,2010-01-23 00:00:00,토요일,대형슈퍼마켓,경기,몽키바나나수입산_,과일류,바나나,기타바나나,2000,,1,3인,30대,200만원대,23
2010,1,슈퍼마켓,2010-01-27 00:00:00,수요일,대형슈퍼마켓,경기,단감,과일류,단감,단감,2500,,1,3인,30대,200만원대,27
2010,1,슈퍼마켓,2010-01-24 00:00:00,일요일,대형슈퍼마켓,경기,골든파인애플,과일류,파인애플,파인애플,2000,,1,3인,30대,200만원대,24
2010,1,슈퍼마켓,2010-01-21 00:00:00,목요일,대형슈퍼마켓,경기,골든파인애플,과일류,파인애플,파인애플,2000,,1,3인,30대,200만원대,21
2010,1,슈퍼마켓,2010-01-15 00:00:00,금요일,대형슈퍼마켓,경기,귤,과일류,감귤,밀감,1700,,1,3인,30대,200만원대,15
2010,1,슈퍼마켓,2010-01-22 00:00:00,금요일,소형슈퍼마켓,경기,감귤,과일류,감귤,밀감,2040,,1,3인,30대,200만원대,22
2010,1,대형마트,2010-01-10 00:00:00,일요일,롯데마트구리점,경기,당도선별사과특_,과일류,사과,기타사과,2980,,1,4인,40대,400만원대,10
2010,1,대형마트,2010-01-08 00:00:00,금요일,롯데마트구리점,경기,단감,과일류,단감,단감,1980,,1,4인,40대,400만원대,8
2010,1,대형마트,2010-01-20 00:00:00,수요일,롯데마트구리점,경기,제주서귀포감귤,과일류,감귤,밀감,6800,,1,4인,40대,400만원대,20
2010,1,대형마트,2010-01-01 00:00:00,금요일,이마트도농점,경기,사과,과일류,사과,기타사과,4980,,1,4인,40대,400만원대,1
2010,1,대형마트,2010-01-01 00:00:00,금요일,이마트도농점,경기,노지밀감,과일류,감귤,밀감,2120,,1,4인,40대,400만원대,1
2010,1,대형마트,2010-01-10 00:00:00,일요일,롯데마트구리점,경기,델몬트바나나,과일류,바나나,일반바나나,1980,,1,4인,40대,400만원대,10
2010,1,무점포,2010-01-26 00:00:00,화요일,아파트내임시장,경기,귤,과일류,감귤,밀감,7000,,1,4인,30대,200만원대,26
2010,1,무점포,2010-01-23 00:00:00,토요일,아파트내임시장,경기,귤,과일류,감귤,밀감,5000,,1,4인,30대,200만원대,23
2010,1,슈퍼마켓,2010-01-02 00:00:00,토요일,소형슈퍼마켓,경기,델몬트바나나,과일류,바나나,일반바나나,2500,,1,4인,30대,400만원대,2
2010,1,슈퍼마켓,2010-01-12 00:00:00,화요일,소형슈퍼마켓,경기,귤,과일류,감귤,밀감,2000,,1,4인,50대,300만원대,12
2010,1,대형마트,2010-01-19 00:00:00,화요일,롯데마트구리점,경기,고산지바나나,과일류,바나나,일반바나나,2000,,2,4인,50대,300만원대,19
2010,1,대형마트,2010-01-29 00:00:00,금요일,롯데마트구리점,경기,네이블오렌지,과일류,오렌지,오렌지,3798,,6,4인,50대,300만원대,29
2010,1,대형마트,2010-01-15 00:00:00,금요일,롯데마트구리점,경기,네이블오렌지,과일류,오렌지,오렌지,3980,,5,4인,50대,300만원대,15
2010,1,슈퍼마켓,2010-01-24 00:00:00,일요일,소형슈퍼마켓,경기,사과,과일류,사과,기타사과,5000,,1,4인,40대,400만원대,24
2010,1,대형마트,2010-01-03 00:00:00,일요일,이마트산본점,경기,노지밀감,과일류,감귤,밀감,4330,,1,4인,40대,400만원대,3
2010,1,슈퍼마켓,2010-01-24 00:00:00,일요일,소형슈퍼마켓,경기,석류,과일류,열대과일,석류,6000,,1,4인,40대,400만원대,24
2010,1,대형마트,2010-01-03 00:00:00,일요일,이마트산본점,경기,사과,과일류,사과,기타사과,4800,,1,4인,40대,400만원대,3
2010,1,슈퍼마켓,2010-01-24 00:00:00,일요일,소형슈퍼마켓,경기,감귤,과일류,감귤,밀감,6000,,2,4인,40대,400만원대,24
2010,1,슈퍼마켓,2010-01-09 00:00:00,토요일,소형슈퍼마켓,경기,청과류,과일류,기타과일,기타과일,9800,,1,6인,50대,300만원대,9
2010,1,대형마트,2010-01-09 00:00:00,토요일,이마트산본점,경기,필리핀산일반바나나,과일류,바나나,일반바나나,2980,,1,6인,50대,300만원대,9
2010,1,슈퍼마켓,2010-01-27 00:00:00,수요일,소형슈퍼마켓,경기,사과,과일류,사과,기타사과,5000,,1,6인,50대,200만원 미만,27
2010,1,슈퍼마켓,2010-01-29 00:00:00,금요일,소형슈퍼마켓,경기,바나나,과일류,바나나,일반바나나,3000,,1,6인,50대,200만원 미만,29
2010,1,온라인몰,2010-01-12 00:00:00,화요일,인터넷구매,온라인,감귤,과일류,감귤,밀감,12000,,1,6인,50대,200만원 미만,12
2010,1,슈퍼마켓,2010-01-23 00:00:00,토요일,소형슈퍼마켓,경기,사과,과일류,사과,기타사과,5000,,5,6인,50대,200만원 미만,23
2010,1,전통시장,2010-01-17 00:00:00,일요일,재래시장,경기,단감,과일류,단감,단감,3000,,1,6인,50대,200만원 미만,17
2010,1,슈퍼마켓,2010-01-29 00:00:00,금요일,소형슈퍼마켓,경기,단감,과일류,단감,단감,2500,,1,6인,50대,200만원 미만,29
2010,1,슈퍼마켓,2010-01-23 00:00:00,토요일,소형슈퍼마켓,경기,배,과일류,배,기타배,5000,,3,6인,50대,200만원 미만,23
2010,1,슈퍼마켓,2010-01-07 00:00:00,목요일,소형슈퍼마켓,경기,사과,과일류,사과,기타사과,5000,,1,4인,40대,200만원 미만,7
2010,1,슈퍼마켓,2010-01-19 00:00:00,화요일,소형슈퍼마켓,경기,귤,과일류,감귤,밀감,20000,,1,4인,40대,200만원 미만,19
2010,1,슈퍼마켓,2010-01-08 00:00:00,금요일,소형슈퍼마켓,경기,감귤,과일류,감귤,밀감,15000,,1,4인,40대,200만원 미만,8
2010,1,전통시장,2010-01-14 00:00:00,목요일,재래시장,경기,귤,과일류,감귤,밀감,15000,,1,4인,40대,200만원 미만,14
2010,1,무점포,2010-01-02 00:00:00,토요일,노점,경기,껍질째먹는청송사과,과일류,사과,기타사과,35000,,1,2인,50대,200만원 미만,2
2010,1,슈퍼마켓,2010-01-21 00:00:00,목요일,소형슈퍼마켓,경기,제스프리그린키위,과일류,참다래,그린키위,5000,,10,2인,50대,200만원 미만,21
2010,1,슈퍼마켓,2010-01-25 00:00:00,월요일,소형슈퍼마켓,경기,단감,과일류,단감,단감,4000,,2,2인,50대,200만원 미만,25
2010,1,전통시장,2010-01-22 00:00:00,금요일,재래시장,경기,사과,과일류,사과,기타사과,10000,,10,2인,50대,200만원 미만,22
2010,1,슈퍼마켓,2010-01-04 00:00:00,월요일,소형슈퍼마켓,경기,감귤,과일류,감귤,밀감,2000,,1,2인,50대,200만원 미만,4
2010,1,전통시장,2010-01-12 00:00:00,화요일,재래시장,경기,사과,과일류,사과,기타사과,3000,,6,2인,50대,200만원 미만,12
2010,1,전통시장,2010-01-28 00:00:00,목요일,재래시장,경기,귤,과일류,감귤,밀감,3000,,1,2인,50대,200만원 미만,28
2010,1,슈퍼마켓,2010-01-25 00:00:00,월요일,대형슈퍼마켓,경기,배,과일류,배,기타배,1500,,1,2인,50대,200만원 미만,25
2010,1,전문점,2010-01-01 00:00:00,금요일,전문점,경기,감,과일류,떫은감,일반떫은감,5000,,3,3인,50대,200만원 미만,1
2010,1,전문점,2010-01-13 00:00:00,수요일,전문점,경기,배,과일류,배,기타배,4000,,4,3인,50대,200만원 미만,13
2010,1,전통시장,2010-01-28 00:00:00,목요일,재래시장,경기,단감,과일류,단감,단감,2000,,2,3인,50대,200만원 미만,28
2010,1,전문점,2010-01-01 00:00:00,금요일,전문점,경기,사과,과일류,사과,기타사과,7000,,14,3인,50대,200만원 미만,1
2010,1,전문점,2010-01-13 00:00:00,수요일,전문점,경기,단감,과일류,단감,단감,4000,,2,3인,50대,200만원 미만,13
2010,1,대형마트,2010-01-29 00:00:00,금요일,이마트산본점,경기,필리핀산일반바나나,과일류,바나나,일반바나나,1430,,1,3인,50대,200만원대,29
2010,1,대형마트,2010-01-23 00:00:00,토요일,이마트산본점,경기,필리핀산일반바나나,과일류,바나나,일반바나나,1410,,1,3인,50대,200만원대,23
2010,1,대형마트,2010-01-11 00:00:00,월요일,이마트산본점,경기,밀감,과일류,감귤,밀감,2720,,1,3인,50대,200만원대,11
2010,1,대형마트,2010-01-16 00:00:00,토요일,롯데마트동두천점,경기,당도선별롯데랑얼음골사과,과일류,사과,기타사과,4980,,1,3인,30대,400만원대,16
2010,1,대형마트,2010-01-16 00:00:00,토요일,롯데마트동두천점,경기,고산지바나나,과일류,바나나,일반바나나,3000,,2,3인,30대,400만원대,16
2010,1,대형마트,2010-01-16 00:00:00,토요일,롯데마트동두천점,경기,제주서귀포올레길감귤,과일류,감귤,밀감,8980,,1,3인,30대,400만원대,16
2010,1,슈퍼마켓,2010-01-07 00:00:00,목요일,대형슈퍼마켓,경기,사과,과일류,사과,기타사과,5900,,1,3인,30대,400만원대,7
2010,1,슈퍼마켓,2010-01-17 00:00:00,일요일,롯데슈퍼동두천점,경기,골드파인애플,과일류,파인애플,파인애플,2000,,1,3인,30대,400만원대,17
2010,1,슈퍼마켓,2010-01-13 00:00:00,수요일,대형슈퍼마켓,경기,바나나,과일류,바나나,일반바나나,1900,,1,3인,30대,400만원대,13
2010,1,슈퍼마켓,2010-01-18 00:00:00,월요일,소형슈퍼마켓,경기,영양듬뿍바나나,과일류,바나나,일반바나나,1250,,1,3인,30대,400만원대,18
2010,1,슈퍼마켓,2010-01-07 00:00:00,목요일,대형슈퍼마켓,경기,단감국내산_,과일류,단감,단감,2500,,1,3인,30대,400만원대,7
2010,1,슈퍼마켓,2010-01-05 00:00:00,화요일,대형슈퍼마켓,경기,바나나,과일류,바나나,일반바나나,1900,,1,3인,30대,400만원대,5
2010,1,슈퍼마켓,2010-01-11 00:00:00,월요일,대형슈퍼마켓,경기,사과,과일류,사과,기타사과,5000,,1,3인,30대,400만원대,11
2010,1,슈퍼마켓,2010-01-21 00:00:00,목요일,소형슈퍼마켓,경기,귤,과일류,감귤,밀감,2000,,1,4인,40대,200만원대,21
2010,1,슈퍼마켓,2010-01-25 00:00:00,월요일,소형슈퍼마켓,경기,귤,과일류,감귤,밀감,2000,,1,4인,40대,200만원대,25
2010,1,온라인몰,2010-01-14 00:00:00,목요일,인터넷구매,온라인,귤,과일류,감귤,밀감,6800,,1,4인,40대,200만원대,14
2010,1,슈퍼마켓,2010-01-03 00:00:00,일요일,소형슈퍼마켓,경기,단감,과일류,단감,단감,1900,,5,4인,40대,200만원대,3
2010,1,슈퍼마켓,2010-01-04 00:00:00,월요일,소형슈퍼마켓,경기,부사,과일류,사과,후지,4980,,6,1인,30대,200만원 미만,4
2010,1,대형마트,2010-01-24 00:00:00,일요일,롯데마트동두천점,경기,델몬트바나나,과일류,바나나,일반바나나,1980,,1,4인,40대,200만원 미만,24
2010,1,대형마트,2010-01-24 00:00:00,일요일,롯데마트동두천점,경기,네이블오렌지,과일류,오렌지,오렌지,3980,,5,4인,40대,200만원 미만,24
2010,1,전통시장,2010-01-12 00:00:00,화요일,재래시장,경기,사과,과일류,사과,기타사과,5000,,1,4인,40대,200만원 미만,12
2010,1,전통시장,2010-01-12 00:00:00,화요일,재래시장,경기,귤,과일류,감귤,밀감,5000,,1,4인,40대,200만원 미만,12
2010,1,대형마트,2010-01-05 00:00:00,화요일,롯데마트동두천점,경기,델몬트바나나,과일류,바나나,일반바나나,2480,,1,4인,40대,300만원대,5
2010,1,대형마트,2010-01-12 00:00:00,화요일,롯데마트동두천점,경기,단감,과일류,단감,단감,3960,,2,6인,30대,200만원대,12
2010,1,대형마트,2010-01-12 00:00:00,화요일,롯데마트동두천점,경기,당도선별사과특_,과일류,사과,기타사과,2980,,1,6인,30대,200만원대,12
2010,1,전통시장,2010-01-25 00:00:00,월요일,재래시장,경기,연시,과일류,떫은감,홍시,48000,,1,2인,40대,200만원 미만,25
2010,1,전통시장,2010-01-25 00:00:00,월요일,재래시장,경기,사과,과일류,사과,기타사과,5000,,5,2인,40대,200만원 미만,25
2010,1,전통시장,2010-01-05 00:00:00,화요일,재래시장,경기,감귤,과일류,감귤,밀감,13000,,1,2인,40대,200만원 미만,5
2010,1,전통시장,2010-01-25 00:00:00,월요일,재래시장,경기,단감,과일류,단감,단감,4000,,1,2인,40대,200만원 미만,25
2010,1,슈퍼마켓,2010-01-12 00:00:00,화요일,대형슈퍼마켓,경기,감귤국내산_,과일류,감귤,밀감,2000,,1,4인,30대,300만원대,12
2010,1,전통시장,2010-01-20 00:00:00,수요일,재래시장,경기,조생귤,과일류,감귤,밀감,2000,,1,4인,30대,300만원대,20
2010,1,슈퍼마켓,2010-01-17 00:00:00,일요일,소형슈퍼마켓,경기,사과,과일류,사과,기타사과,2000,,1,4인,30대,300만원대,17
2010,1,전통시장,2010-01-21 00:00:00,목요일,재래시장,경기,제주감귤,과일류,감귤,밀감,2000,,1,4인,30대,300만원대,21
2010,1,슈퍼마켓,2010-01-22 00:00:00,금요일,소형슈퍼마켓,서울,영주사과,과일류,사과,기타사과,3000,,7,4인,30대,300만원대,22
2010,1,슈퍼마켓,2010-01-07 00:00:00,목요일,대형슈퍼마켓,경기,사과국내산_,과일류,사과,기타사과,3000,,1,4인,30대,300만원대,7
2010,1,슈퍼마켓,2010-01-03 00:00:00,일요일,대형슈퍼마켓,경기,감귤국내산_,과일류,감귤,밀감,2000,,2,4인,30대,300만원대,3
2010,1,전통시장,2010-01-13 00:00:00,수요일,재래시장,경기,감귤,과일류,감귤,밀감,2000,,1,4인,30대,300만원대,13
2010,1,슈퍼마켓,2010-01-12 00:00:00,화요일,대형슈퍼마켓,경기,사과국내산_,과일류,사과,기타사과,3000,,1,4인,30대,300만원대,12
2010,1,슈퍼마켓,2010-01-25 00:00:00,월요일,대형슈퍼마켓,경기,경북사과,과일류,사과,기타사과,5000,,5,4인,30대,300만원대,25
2010,1,전통시장,2010-01-25 00:00:00,월요일,재래시장,경기,제주감귤,과일류,감귤,밀감,2000,,1,4인,30대,300만원대,25
2010,1,전통시장,2010-01-15 00:00:00,금요일,재래시장,경기,사과,과일류,사과,기타사과,2000,,5,4인,30대,300만원대,15
2010,1,슈퍼마켓,2010-01-25 00:00:00,월요일,대형슈퍼마켓,경기,감귤국내산_,과일류,감귤,밀감,2000,,1,4인,30대,300만원대,25
2010,1,전통시장,2010-01-23 00:00:00,토요일,재래시장,경기,경북영주사과,과일류,사과,기타사과,3000,,7,4인,30대,300만원대,23
2010,1,전통시장,2010-01-25 00:00:00,월요일,재래시장,경기,경북영주사과,과일류,사과,기타사과,3000,,7,4인,30대,300만원대,25
2010,1,슈퍼마켓,2010-01-07 00:00:00,목요일,대형슈퍼마켓,경기,감귤국내산_,과일류,감귤,밀감,2000,,1,4인,30대,300만원대,7
2010,1,전통시장,2010-01-03 00:00:00,일요일,재래시장,경기,사과,과일류,사과,기타사과,2000,,5,4인,30대,300만원대,3
2010,1,전통시장,2010-01-17 00:00:00,일요일,재래시장,경기,감귤,과일류,감귤,밀감,2000,,1,4인,30대,300만원대,17
2010,1,슈퍼마켓,2010-01-27 00:00:00,수요일,대형슈퍼마켓,경기,경북사과,과일류,사과,기타사과,4000,,1,4인,30대,300만원대,27
2010,1,슈퍼마켓,2010-01-05 00:00:00,화요일,대형슈퍼마켓,경기,제주감귤,과일류,감귤,밀감,2000,,1,4인,30대,300만원대,5
2010,1,슈퍼마켓,2010-01-11 00:00:00,월요일,소형슈퍼마켓,경기,청과,과일류,기타과일,기타과일,3000,,1,3인,30대,200만원대,11
2010,1,무점포,2010-01-14 00:00:00,목요일,아파트내임시장,경기,귤,과일류,감귤,밀감,5000,,1,3인,30대,200만원대,14
2010,1,무점포,2010-01-31 00:00:00,일요일,아파트내임시장,경기,감귤,과일류,감귤,밀감,20000,,1,3인,30대,200만원대,31
2010,1,대형마트,2010-01-09 00:00:00,토요일,이마트부천점,경기,그린키위뉴질랜드_,과일류,참다래,그린키위,3980,,2,3인,30대,200만원대,9
2010,1,전통시장,2010-01-04 00:00:00,월요일,재래시장,경기,감,과일류,떫은감,일반떫은감,2000,,10,3인,30대,200만원대,4
2010,1,전통시장,2010-01-21 00:00:00,목요일,재래시장,경기,바나나,과일류,바나나,일반바나나,1500,,1,3인,30대,200만원대,21
2010,1,전통시장,2010-01-06 00:00:00,수요일,재래시장,경기,사과,과일류,사과,기타사과,3000,,9,3인,30대,200만원대,6
2010,1,전통시장,2010-01-13 00:00:00,수요일,재래시장,경기,귤,과일류,감귤,밀감,3000,,1,3인,30대,200만원대,13
2010,1,대형마트,2010-01-09 00:00:00,토요일,이마트부천점,경기,사과,과일류,사과,기타사과,3000,,1,3인,30대,200만원대,9
2010,1,슈퍼마켓,2010-01-15 00:00:00,금요일,대형슈퍼마켓,경기,감귤국내산_,과일류,감귤,밀감,12000,,12,4인,40대,200만원대,15
2010,1,슈퍼마켓,2010-01-27 00:00:00,수요일,소형슈퍼마켓,경기,부사,과일류,사과,후지,5000,,10,4인,40대,200만원대,27
2010,1,전통시장,2010-01-14 00:00:00,목요일,재래시장,경기,사과,과일류,사과,기타사과,3000,,1,5인,30대,300만원대,14
2010,1,전통시장,2010-01-01 00:00:00,금요일,재래시장,경기,사과,과일류,사과,기타사과,5000,,5,5인,30대,300만원대,1
2010,1,전통시장,2010-01-19 00:00:00,화요일,재래시장,경기,한라봉,과일류,감귤,한라봉,15000,,1,5인,30대,300만원대,19
2010,1,전통시장,2010-01-06 00:00:00,수요일,재래시장,경기,사과,과일류,사과,기타사과,2000,,3,5인,30대,300만원대,6
2010,1,전통시장,2010-01-21 00:00:00,목요일,재래시장,경기,사과,과일류,사과,기타사과,6000,,1,5인,30대,300만원대,21
2010,1,전통시장,2010-01-13 00:00:00,수요일,재래시장,경기,귤,과일류,감귤,밀감,4000,,1,5인,30대,300만원대,13
2010,1,무점포,2010-01-30 00:00:00,토요일,노점,경기,사과,과일류,사과,기타사과,10000,,25,5인,30대,300만원대,30
2010,1,전통시장,2010-01-16 00:00:00,토요일,재래시장,경기,사과,과일류,사과,기타사과,5000,,5,5인,30대,300만원대,16
2010,1,전통시장,2010-01-26 00:00:00,화요일,재래시장,경기,귤,과일류,감귤,밀감,4000,,1,5인,30대,300만원대,26
2010,1,슈퍼마켓,2010-01-26 00:00:00,화요일,대형슈퍼마켓,경기,부사,과일류,사과,후지,6000,,1,5인,30대,300만원대,26
2010,1,전통시장,2010-01-08 00:00:00,금요일,재래시장,경기,귤,과일류,감귤,밀감,4000,,1,5인,30대,300만원대,8
2010,1,전통시장,2010-01-01 00:00:00,금요일,재래시장,경기,단감,과일류,단감,단감,6000,,3,5인,30대,300만원대,1
2010,1,전통시장,2010-01-06 00:00:00,수요일,재래시장,경기,귤,과일류,감귤,밀감,2000,,1,5인,30대,300만원대,6
2010,1,전통시장,2010-01-16 00:00:00,토요일,재래시장,경기,귤,과일류,감귤,밀감,13000,,1,5인,30대,300만원대,16
2010,1,슈퍼마켓,2010-01-26 00:00:00,화요일,대형슈퍼마켓,경기,바나나,과일류,바나나,일반바나나,2500,,1,5인,30대,300만원대,26
2010,1,전통시장,2010-01-23 00:00:00,토요일,재래시장,경기,귤,과일류,감귤,밀감,2000,,1,5인,30대,300만원대,23
2010,1,전통시장,2010-01-23 00:00:00,토요일,재래시장,경기,사과,과일류,사과,기타사과,5000,,5,5인,30대,300만원대,23
2010,1,전통시장,2010-01-10 00:00:00,일요일,재래시장,경기,귤,과일류,감귤,밀감,6000,,1,5인,30대,300만원대,10
2010,1,전통시장,2010-01-16 00:00:00,토요일,재래시장,경기,감,과일류,떫은감,일반떫은감,6000,,2,5인,30대,300만원대,16
2010,1,전통시장,2010-01-01 00:00:00,금요일,재래시장,경기,귤,과일류,감귤,밀감,4000,,1,5인,30대,300만원대,1
2010,1,전통시장,2010-01-06 00:00:00,수요일,재래시장,경기,감,과일류,떫은감,일반떫은감,3000,,1,5인,30대,300만원대,6
2010,1,슈퍼마켓,2010-01-27 00:00:00,수요일,대형슈퍼마켓,경기,부사,과일류,사과,후지,4900,,1,4인,30대,200만원 미만,27
2010,1,전통시장,2010-01-23 00:00:00,토요일,재래시장,경기,바나나,과일류,바나나,일반바나나,2000,,1,4인,30대,200만원 미만,23
2010,1,슈퍼마켓,2010-01-12 00:00:00,화요일,소형슈퍼마켓,경기,바나나,과일류,바나나,일반바나나,2000,,1,4인,30대,200만원 미만,12
2010,1,슈퍼마켓,2010-01-12 00:00:00,화요일,소형슈퍼마켓,경기,사과,과일류,사과,기타사과,1000,,2,4인,30대,200만원 미만,12
2010,1,전통시장,2010-01-10 00:00:00,일요일,재래시장,경기,사과,과일류,사과,기타사과,5000,,5,3인,40대,400만원대,10
2010,1,슈퍼마켓,2010-01-17 00:00:00,일요일,홈플러스익스프레스중동점,경기,HMP사과,과일류,사과,기타사과,4480,,1,3인,40대,400만원대,17
2010,1,온라인몰,2010-01-02 00:00:00,토요일,인터넷구매,온라인,제주감귤,과일류,감귤,밀감,15000,,1,3인,40대,400만원대,2
2010,1,대형마트,2010-01-24 00:00:00,일요일,이마트공항점,인천,청송폴리페놀재배사과,과일류,사과,기타사과,4480,,1,3인,40대,400만원대,24
2010,1,슈퍼마켓,2010-01-22 00:00:00,금요일,소형슈퍼마켓,경기,오렌지,과일류,오렌지,오렌지,4000,,1,6인,30대,400만원대,22
2010,1,슈퍼마켓,2010-01-20 00:00:00,수요일,소형슈퍼마켓,경기,오렌지,과일류,오렌지,오렌지,4000,,1,6인,30대,400만원대,20
2010,1,전통시장,2010-01-22 00:00:00,금요일,재래시장,경기,단감,과일류,단감,단감,4000,,2,6인,30대,400만원대,22
2010,1,슈퍼마켓,2010-01-05 00:00:00,화요일,소형슈퍼마켓,경기,단감,과일류,단감,단감,3000,,1,6인,30대,400만원대,5
2010,1,전통시장,2010-01-09 00:00:00,토요일,재래시장,경기,감귤,과일류,감귤,밀감,2000,,1,6인,30대,400만원대,9
2010,1,전통시장,2010-01-02 00:00:00,토요일,재래시장,경기,단감,과일류,단감,단감,4000,,2,6인,30대,400만원대,2
2010,1,전통시장,2010-01-22 00:00:00,금요일,재래시장,경기,감귤,과일류,감귤,밀감,3000,,1,6인,30대,400만원대,22
2010,1,전통시장,2010-01-09 00:00:00,토요일,재래시장,경기,사과,과일류,사과,기타사과,5000,,1,6인,30대,400만원대,9
2010,1,전통시장,2010-01-29 00:00:00,금요일,재래시장,경기,한라봉,과일류,감귤,한라봉,18000,,1,6인,30대,400만원대,29
2010,1,전통시장,2010-01-12 00:00:00,화요일,재래시장,경기,귤,과일류,감귤,밀감,5000,,1,6인,30대,400만원대,12
2010,1,슈퍼마켓,2010-01-11 00:00:00,월요일,소형슈퍼마켓,경기,사과,과일류,사과,기타사과,5000,,5,2인,50대,200만원 미만,11
2010,1,슈퍼마켓,2010-01-15 00:00:00,금요일,소형슈퍼마켓,경기,귤,과일류,감귤,밀감,1000,,1,2인,50대,200만원 미만,15
2010,1,슈퍼마켓,2010-01-02 00:00:00,토요일,소형슈퍼마켓,경기,사과,과일류,사과,기타사과,15000,,1,2인,50대,200만원 미만,2
2010,1,슈퍼마켓,2010-01-03 00:00:00,일요일,소형슈퍼마켓,경기,단감,과일류,단감,단감,5000,,5,2인,50대,200만원 미만,3
2010,1,슈퍼마켓,2010-01-02 00:00:00,토요일,소형슈퍼마켓,경기,청과류,과일류,기타과일,기타과일,2000,,1,2인,50대,200만원 미만,2
2010,1,슈퍼마켓,2010-01-18 00:00:00,월요일,소형슈퍼마켓,경기,참다래,과일류,참다래,그린키위,5000,,10,2인,50대,200만원 미만,18
2010,1,슈퍼마켓,2010-01-03 00:00:00,일요일,소형슈퍼마켓,경기,귤,과일류,감귤,밀감,6000,,1,4인,40대,200만원 미만,3
2010,1,슈퍼마켓,2010-01-29 00:00:00,금요일,소형슈퍼마켓,경기,귤,과일류,감귤,밀감,5000,,1,4인,40대,200만원 미만,29
2010,1,슈퍼마켓,2010-01-08 00:00:00,금요일,소형슈퍼마켓,경기,귤,과일류,감귤,밀감,22000,,1,4인,40대,200만원 미만,8
2010,1,슈퍼마켓,2010-01-02 00:00:00,토요일,대형슈퍼마켓,경기,바나나,과일류,바나나,일반바나나,1800,,1,4인,40대,200만원 미만,2
2010,1,대형마트,2010-01-31 00:00:00,일요일,홈플러스부천소사점,경기,스위티오파인애플,과일류,파인애플,파인애플,3000,,1,4인,40대,200만원 미만,31
2010,1,슈퍼마켓,2010-01-18 00:00:00,월요일,대형슈퍼마켓,경기,단감,과일류,단감,단감,3000,,2,4인,40대,200만원 미만,18
2010,1,슈퍼마켓,2010-01-25 00:00:00,월요일,대형슈퍼마켓,경기,부사,과일류,사과,후지,5800,,1,4인,40대,200만원 미만,25
2010,1,슈퍼마켓,2010-01-08 00:00:00,금요일,대형슈퍼마켓,경기,귤,과일류,감귤,밀감,9900,,1,4인,40대,200만원 미만,8
2010,1,슈퍼마켓,2010-01-15 00:00:00,금요일,대형슈퍼마켓,경기,단감,과일류,단감,단감,4000,,2,4인,40대,200만원 미만,15
2010,1,전통시장,2010-01-28 00:00:00,목요일,재래시장,경기,귤제주산_,과일류,감귤,밀감,3000,,1,4인,40대,200만원대,28
2010,1,전통시장,2010-01-10 00:00:00,일요일,재래시장,경기,귤,과일류,감귤,밀감,5000,,1,4인,40대,200만원대,10
2010,1,전통시장,2010-01-26 00:00:00,화요일,재래시장,경기,귤제주산_,과일류,감귤,밀감,6000,,1,4인,40대,200만원대,26
2010,1,대형마트,2010-01-14 00:00:00,목요일,홈플러스부천소사점,경기,밀감,과일류,감귤,밀감,3980,,1,4인,40대,200만원대,14
2010,1,전통시장,2010-01-16 00:00:00,토요일,재래시장,경기,귤,과일류,감귤,밀감,3000,,1,4인,40대,200만원대,16
2010,1,전통시장,2010-01-05 00:00:00,화요일,재래시장,경기,감귤,과일류,감귤,밀감,6000,,1,3인,40대,200만원대,5
2010,1,전통시장,2010-01-29 00:00:00,금요일,재래시장,경기,감귤,과일류,감귤,밀감,6000,,1,3인,40대,200만원대,29
2010,1,대형마트,2010-01-18 00:00:00,월요일,이마트부천점,경기,당찬사과,과일류,사과,기타사과,5980,,1,4인,40대,200만원대,18
2010,1,대형마트,2010-01-29 00:00:00,금요일,이마트부천점,경기,감귤친환경_,과일류,감귤,밀감,5480,,1,4인,40대,200만원대,29
2010,1,슈퍼마켓,2010-01-08 00:00:00,금요일,소형슈퍼마켓,경기,귤,과일류,감귤,밀감,8500,,1,4인,40대,200만원대,8
2010,1,슈퍼마켓,2010-01-16 00:00:00,토요일,소형슈퍼마켓,경기,바나나,과일류,바나나,일반바나나,2000,,1,4인,40대,400만원대,16
2010,1,전통시장,2010-01-05 00:00:00,화요일,재래시장,경기,귤,과일류,감귤,밀감,17000,,1,4인,40대,400만원대,5
2010,1,슈퍼마켓,2010-01-29 00:00:00,금요일,대형슈퍼마켓,경기,감귤,과일류,감귤,밀감,12000,,1,4인,40대,400만원대,29
2010,1,슈퍼마켓,2010-01-14 00:00:00,목요일,대형슈퍼마켓,경기,감귤,과일류,감귤,밀감,9800,,1,4인,40대,400만원대,14
2010,1,전통시장,2010-01-08 00:00:00,금요일,재래시장,경기,귤,과일류,감귤,밀감,17000,,1,4인,40대,400만원대,8
2010,1,대형마트,2010-01-07 00:00:00,목요일,이마트부천점,경기,고당도파인애플필리핀산_,과일류,파인애플,파인애플,3480,,1,4인,40대,200만원 미만,7
2010,1,슈퍼마켓,2010-01-10 00:00:00,일요일,대형슈퍼마켓,경기,골드키위뉴질랜드_,과일류,참다래,골드키위,1500,,1,4인,40대,200만원 미만,10
2010,1,전통시장,2010-01-19 00:00:00,화요일,재래시장,경기,감,과일류,떫은감,일반떫은감,3000,,1,4인,40대,200만원 미만,19
2010,1,슈퍼마켓,2010-01-23 00:00:00,토요일,대형슈퍼마켓,경기,파인애플,과일류,파인애플,파인애플,7000,,2,4인,40대,200만원 미만,23
2010,1,슈퍼마켓,2010-01-30 00:00:00,토요일,대형슈퍼마켓,경기,단감,과일류,단감,단감,2000,,1,4인,30대,200만원대,30
2010,1,전통시장,2010-01-09 00:00:00,토요일,재래시장,경기,귤,과일류,감귤,밀감,4000,,1,4인,30대,200만원대,9
2010,1,전통시장,2010-01-01 00:00:00,금요일,재래시장,경기,단감,과일류,단감,단감,4000,,5,4인,50대,300만원대,1
2010,1,전통시장,2010-01-22 00:00:00,금요일,재래시장,경기,사과,과일류,사과,기타사과,6000,,10,4인,50대,300만원대,22
2010,1,전통시장,2010-01-28 00:00:00,목요일,재래시장,경기,사과,과일류,사과,기타사과,10000,,12,4인,50대,300만원대,28
2010,1,전통시장,2010-01-18 00:00:00,월요일,재래시장,경기,귤,과일류,감귤,밀감,7000,,1,4인,50대,300만원대,18
2010,1,전통시장,2010-01-28 00:00:00,목요일,재래시장,경기,귤,과일류,감귤,밀감,3000,,1,4인,50대,300만원대,28
2010,1,전통시장,2010-01-05 00:00:00,화요일,재래시장,경기,사과,과일류,사과,기타사과,5000,,6,4인,50대,300만원대,5
2010,1,대형마트,2010-01-02 00:00:00,토요일,홈플러스부천소사점,경기,사과특_,과일류,사과,기타사과,5860,,7,4인,50대,300만원대,2
2010,1,전통시장,2010-01-02 00:00:00,토요일,재래시장,경기,사과,과일류,사과,기타사과,3000,,10,4인,40대,200만원대,2
2010,1,전통시장,2010-01-06 00:00:00,수요일,재래시장,경기,귤,과일류,감귤,밀감,9000,,1,4인,40대,200만원대,6
2010,1,전통시장,2010-01-05 00:00:00,화요일,재래시장,경기,귤,과일류,감귤,밀감,3000,,1,4인,40대,200만원대,5
2010,1,대형마트,2010-01-28 00:00:00,목요일,홈플러스부천소사점,경기,HMP저농약배,과일류,배,기타배,13960,,2,6인,40대,300만원대,28
2010,1,대형마트,2010-01-21 00:00:00,목요일,홈플러스부천소사점,경기,밀감,과일류,감귤,밀감,2150,,1,6인,40대,300만원대,21
2010,1,대형마트,2010-01-13 00:00:00,수요일,홈플러스부천소사점,경기,스위티오바나나,과일류,바나나,일반바나나,3700,,1,6인,40대,300만원대,13
2010,1,대형마트,2010-01-21 00:00:00,목요일,홈플러스부천소사점,경기,밀감,과일류,감귤,밀감,2890,,1,6인,40대,300만원대,21
2010,1,대형마트,2010-01-28 00:00:00,목요일,홈플러스부천소사점,경기,얼음골사과,과일류,사과,기타사과,5780,,1,6인,40대,300만원대,28
2010,1,슈퍼마켓,2010-01-09 00:00:00,토요일,하나로마트부천농협,경기,참다래,과일류,참다래,그린키위,4500,,1,6인,40대,300만원대,9
2010,1,대형마트,2010-01-28 00:00:00,목요일,홈플러스부천소사점,경기,HMP배,과일류,배,기타배,6780,,1,6인,40대,300만원대,28
2010,1,대형마트,2010-01-27 00:00:00,수요일,홈플러스부천소사점,경기,돌바나나,과일류,바나나,일반바나나,2190,,1,6인,40대,300만원대,27
2010,1,대형마트,2010-01-28 00:00:00,목요일,홈플러스부천소사점,경기,칼슘사과,과일류,사과,기타사과,5980,,1,6인,40대,300만원대,28
2010,1,대형마트,2010-01-05 00:00:00,화요일,홈플러스부천소사점,경기,스위티오바나나,과일류,바나나,일반바나나,2930,,1,6인,40대,300만원대,5
2010,1,전통시장,2010-01-17 00:00:00,일요일,재래시장,경기,배,과일류,배,기타배,5000,,5,4인,50대,200만원대,17
2010,1,전통시장,2010-01-09 00:00:00,토요일,재래시장,경기,바나나,과일류,바나나,일반바나나,3000,,1,4인,50대,200만원대,9
2010,1,전통시장,2010-01-14 00:00:00,목요일,재래시장,경기,배,과일류,배,기타배,2000,,2,4인,50대,200만원대,14
2010,1,슈퍼마켓,2010-01-26 00:00:00,화요일,대형슈퍼마켓,경기,바나나수입산_,과일류,바나나,일반바나나,1800,,1,4인,50대,200만원대,26
2010,1,전통시장,2010-01-24 00:00:00,일요일,재래시장,경기,귤,과일류,감귤,밀감,15000,,1,4인,50대,200만원대,24
2010,1,전통시장,2010-01-14 00:00:00,목요일,재래시장,경기,사과,과일류,사과,기타사과,4500,,5,4인,50대,200만원대,14
2010,1,슈퍼마켓,2010-01-16 00:00:00,토요일,대형슈퍼마켓,경기,바나나,과일류,바나나,일반바나나,1000,,1,4인,50대,200만원대,16
2010,1,슈퍼마켓,2010-01-21 00:00:00,목요일,소형슈퍼마켓,경기,바나나,과일류,바나나,일반바나나,1280,,1,5인,30대,300만원대,21
2010,1,슈퍼마켓,2010-01-13 00:00:00,수요일,소형슈퍼마켓,경기,사과,과일류,사과,기타사과,5960,,2,5인,30대,300만원대,13
2010,1,슈퍼마켓,2010-01-11 00:00:00,월요일,소형슈퍼마켓,경기,귤,과일류,감귤,밀감,2000,,1,5인,30대,300만원대,11
2010,1,슈퍼마켓,2010-01-07 00:00:00,목요일,소형슈퍼마켓,경기,몽키바나나,과일류,바나나,기타바나나,1350,,1,5인,30대,300만원대,7
2010,1,슈퍼마켓,2010-01-10 00:00:00,일요일,대형슈퍼마켓,경기,하우스포도,과일류,포도,기타포도,4800,,1,5인,30대,300만원대,10
2010,1,슈퍼마켓,2010-01-21 00:00:00,목요일,소형슈퍼마켓,인천,청과류,과일류,기타과일,기타과일,1280,,1,4인,30대,200만원대,21
2010,1,슈퍼마켓,2010-01-05 00:00:00,화요일,소형슈퍼마켓,경기,사과,과일류,사과,기타사과,4000,,1,5인,30대,200만원 미만,5
2010,1,슈퍼마켓,2010-01-26 00:00:00,화요일,하나로마트오정농협,경기,사과국내산_,과일류,사과,기타사과,5000,,1,5인,30대,200만원 미만,26
2010,1,슈퍼마켓,2010-01-23 00:00:00,토요일,소형슈퍼마켓,경기,대봉시,과일류,떫은감,대봉시,6500,,1,5인,30대,200만원 미만,23
2010,1,슈퍼마켓,2010-01-23 00:00:00,토요일,소형슈퍼마켓,경기,대봉시,과일류,떫은감,대봉시,6500,,1,5인,30대,200만원 미만,23
2010,1,슈퍼마켓,2010-01-05 00:00:00,화요일,소형슈퍼마켓,경기,사과,과일류,사과,기타사과,4000,,1,5인,30대,200만원 미만,5
2010,1,슈퍼마켓,2010-01-19 00:00:00,화요일,하나로마트오정농협,경기,대봉국내산_,과일류,떫은감,대봉,5500,,1,5인,30대,200만원 미만,19
2010,1,슈퍼마켓,2010-01-19 00:00:00,화요일,하나로마트오정농협,경기,대봉국내산_,과일류,떫은감,대봉,5500,,1,5인,30대,200만원 미만,19
2010,1,슈퍼마켓,2010-01-26 00:00:00,화요일,하나로마트오정농협,경기,사과국내산_,과일류,사과,기타사과,5000,,1,5인,30대,200만원 미만,26
2010,1,슈퍼마켓,2010-01-15 00:00:00,금요일,소형슈퍼마켓,경기,사과,과일류,사과,기타사과,3480,,10,5인,40대,200만원대,15
2010,1,대형마트,2010-01-10 00:00:00,일요일,홈플러스부천여월점,경기,제스프리제주골드,과일류,참다래,골드키위,6500,,1,5인,40대,200만원대,10
2010,1,대형마트,2010-01-23 00:00:00,토요일,홈플러스부천여월점,경기,HMP오렌지,과일류,오렌지,오렌지,4400,,5,5인,40대,200만원대,23
2010,1,대형마트,2010-01-10 00:00:00,일요일,홈플러스부천여월점,경기,밀감,과일류,감귤,밀감,10000,,1,5인,40대,200만원대,10
2010,1,슈퍼마켓,2010-01-03 00:00:00,일요일,소형슈퍼마켓,경기,귤,과일류,감귤,밀감,10000,,1,5인,40대,200만원대,3
2010,1,슈퍼마켓,2010-01-15 00:00:00,금요일,소형슈퍼마켓,경기,귤,과일류,감귤,밀감,2000,,1,5인,40대,200만원대,15
2010,1,슈퍼마켓,2010-01-03 00:00:00,일요일,소형슈퍼마켓,경기,하우스밀감,과일류,감귤,밀감,2000,,1,5인,40대,200만원대,3
2010,1,전통시장,2010-01-08 00:00:00,금요일,재래시장,경기,단감,과일류,단감,단감,5000,,2,5인,40대,200만원대,8
2010,1,전통시장,2010-01-07 00:00:00,목요일,재래시장,경기,귤,과일류,감귤,밀감,2000,,1,5인,40대,200만원대,7
2010,1,전통시장,2010-01-08 00:00:00,금요일,재래시장,경기,바나나,과일류,바나나,일반바나나,1350,,1,5인,40대,200만원대,8
2010,1,백화점,2010-01-22 00:00:00,금요일,GS스퀘어부천점,경기,바나나,과일류,바나나,일반바나나,1500,,1,4인,40대,400만원대,22
2010,1,백화점,2010-01-28 00:00:00,목요일,GS스퀘어부천점,경기,고당도부사,과일류,사과,후지,4480,,1,4인,40대,400만원대,28
2010,1,백화점,2010-01-22 00:00:00,금요일,GS스퀘어부천점,경기,고당도부사,과일류,사과,후지,4480,,1,4인,40대,400만원대,22
2010,1,슈퍼마켓,2010-01-21 00:00:00,목요일,소형슈퍼마켓,경기,오렌지,과일류,오렌지,오렌지,5000,,1,4인,40대,400만원대,21
2010,1,백화점,2010-01-01 00:00:00,금요일,GS스퀘어부천점,경기,밀감,과일류,감귤,밀감,5000,,1,4인,40대,400만원대,1
2010,1,백화점,2010-01-09 00:00:00,토요일,GS스퀘어부천점,경기,골드파인애플,과일류,파인애플,파인애플,2980,,1,4인,40대,400만원대,9
2010,1,슈퍼마켓,2010-01-18 00:00:00,월요일,소형슈퍼마켓,경기,대봉연시,과일류,떫은감,대봉시,6000,,3,4인,40대,400만원대,18
2010,1,무점포,2010-01-11 00:00:00,월요일,노점,경기,제주귤,과일류,감귤,밀감,18000,,1,4인,40대,400만원대,11
2010,1,백화점,2010-01-09 00:00:00,토요일,GS스퀘어부천점,경기,사과,과일류,사과,기타사과,6000,,1,4인,40대,400만원대,9
2010,1,전통시장,2010-01-26 00:00:00,화요일,재래시장,경기,배,과일류,배,기타배,5000,,3,4인,40대,400만원대,26
2010,1,온라인몰,2010-01-22 00:00:00,금요일,인터넷구매,온라인,귤,과일류,감귤,밀감,15000,,1,4인,40대,400만원대,22
2010,1,슈퍼마켓,2010-01-09 00:00:00,토요일,홈플러스익스프레스중동점,경기,사과,과일류,사과,기타사과,3490,,1,4인,40대,400만원대,9
2010,1,무점포,2010-01-12 00:00:00,화요일,아파트내임시장,경기,사과,과일류,사과,기타사과,5000,,5,4인,40대,400만원대,12
2010,1,온라인몰,2010-01-06 00:00:00,수요일,인터넷구매,온라인,제주귤,과일류,감귤,밀감,15000,,1,4인,40대,400만원대,6
2010,1,무점포,2010-01-15 00:00:00,금요일,아파트내임시장,경기,사과,과일류,사과,기타사과,5000,,1,4인,40대,400만원대,15
2010,1,무점포,2010-01-19 00:00:00,화요일,아파트내임시장,경기,사과,과일류,사과,기타사과,10000,,10,4인,40대,400만원대,19
2010,1,대형마트,2010-01-28 00:00:00,목요일,홈플러스중동점,경기,밀감,과일류,감귤,밀감,1860,,1,4인,30대,300만원대,28
2010,1,백화점,2010-01-07 00:00:00,목요일,GS스퀘어부천점,경기,밀감,과일류,감귤,밀감,7800,,1,4인,30대,300만원대,7
2010,1,백화점,2010-01-17 00:00:00,일요일,GS스퀘어부천점,경기,귤,과일류,감귤,밀감,8800,,1,4인,30대,300만원대,17
2010,1,슈퍼마켓,2010-01-11 00:00:00,월요일,하나로마트부천농협,경기,사과,과일류,사과,기타사과,4000,,1,4인,30대,300만원대,11
2010,1,백화점,2010-01-26 00:00:00,화요일,GS스퀘어부천점,경기,밀감,과일류,감귤,밀감,10940,,1,4인,30대,300만원대,26
2010,1,백화점,2010-01-23 00:00:00,토요일,GS스퀘어부천점,경기,바나나,과일류,바나나,일반바나나,1980,,1,4인,30대,300만원대,23
2010,1,백화점,2010-01-08 00:00:00,금요일,GS스퀘어부천점,경기,하니바나나,과일류,바나나,일반바나나,2958,,1,4인,30대,300만원대,8
2010,1,백화점,2010-01-26 00:00:00,화요일,GS스퀘어부천점,경기,밀감,과일류,감귤,밀감,2369,,1,4인,30대,300만원대,26
2010,1,전통시장,2010-01-10 00:00:00,일요일,재래시장,경기,바나나,과일류,바나나,일반바나나,4000,,1,5인,50대,400만원대,10
2010,1,백화점,2010-01-04 00:00:00,월요일,GS스퀘어부천점,경기,FRESH참다래,과일류,참다래,그린키위,7470,,1,5인,50대,400만원대,4
2010,1,대형마트,2010-01-17 00:00:00,일요일,홈플러스중동점,경기,HMP알뜰사과,과일류,사과,기타사과,2600,,1,5인,50대,400만원대,17
2010,1,슈퍼마켓,2010-01-02 00:00:00,토요일,대형슈퍼마켓,경기,사과,과일류,사과,기타사과,4000,,1,5인,50대,400만원대,2
2010,1,전통시장,2010-01-22 00:00:00,금요일,재래시장,경기,귤,과일류,감귤,밀감,3000,,1,5인,50대,400만원대,22
2010,1,백화점,2010-01-08 00:00:00,금요일,GS스퀘어부천점,경기,FRESH사과,과일류,사과,기타사과,3480,,1,5인,50대,400만원대,8
2010,1,대형마트,2010-01-17 00:00:00,일요일,홈플러스중동점,경기,HMP사과,과일류,사과,기타사과,3800,,1,5인,50대,400만원대,17
2010,1,대형마트,2010-01-20 00:00:00,수요일,홈플러스중동점,경기,바나나특_,과일류,바나나,일반바나나,5600,,2,5인,50대,400만원대,20
2010,1,전통시장,2010-01-22 00:00:00,금요일,재래시장,경기,사과,과일류,사과,기타사과,2000,,4,5인,50대,400만원대,22
2010,1,대형마트,2010-01-25 00:00:00,월요일,홈플러스중동점,경기,직수입바나나,과일류,바나나,일반바나나,3070,,1,5인,50대,400만원대,25
2010,1,전통시장,2010-01-15 00:00:00,금요일,재래시장,경기,바나나,과일류,바나나,일반바나나,1500,,1,4인,40대,200만원대,15
2010,1,대형마트,2010-01-01 00:00:00,금요일,홈플러스부천상동점,경기,HMP자몽,과일류,열대과일,자몽,1980,,1,4인,40대,200만원대,1
2010,1,온라인몰,2010-01-15 00:00:00,금요일,인터넷구매,온라인,제주감귤,과일류,감귤,밀감,15000,,1,4인,40대,200만원대,15
2010,1,슈퍼마켓,2010-01-01 00:00:00,금요일,소형슈퍼마켓,경기,바나나필리핀산_,과일류,바나나,일반바나나,1000,,1,4인,40대,200만원대,1
2010,1,온라인몰,2010-01-04 00:00:00,월요일,인터넷구매,온라인,제주귤,과일류,감귤,밀감,15000,,1,4인,40대,200만원대,4
2010,1,전통시장,2010-01-05 00:00:00,화요일,재래시장,경기,귤,과일류,감귤,밀감,13000,,1,4인,40대,200만원대,5
2010,1,대형마트,2010-01-01 00:00:00,금요일,홈플러스부천상동점,경기,HMP그린자몽,과일류,열대과일,자몽,5480,,1,4인,40대,200만원대,1
2010,1,대형마트,2010-01-04 00:00:00,월요일,홈플러스중동점,경기,HMP그린자몽,과일류,열대과일,자몽,5480,,1,4인,40대,200만원대,4
2010,1,전통시장,2010-01-07 00:00:00,목요일,재래시장,경기,사과,과일류,사과,기타사과,15000,,1,4인,40대,200만원대,7
2010,1,전통시장,2010-01-16 00:00:00,토요일,재래시장,경기,사과,과일류,사과,기타사과,5000,,12,4인,40대,200만원 미만,16
2010,1,슈퍼마켓,2010-01-28 00:00:00,목요일,소형슈퍼마켓,경기,사과,과일류,사과,기타사과,10000,,10,4인,40대,200만원 미만,28
2010,1,대형마트,2010-01-31 00:00:00,일요일,이마트중동점,경기,청송비타칼슘사과,과일류,사과,기타사과,3850,,1,4인,40대,200만원 미만,31
2010,1,백화점,2010-01-17 00:00:00,일요일,GS스퀘어부천점,경기,봉지단감,과일류,단감,단감,5960,,2,4인,40대,200만원 미만,17
2010,1,백화점,2010-01-10 00:00:00,일요일,GS스퀘어부천점,경기,부사,과일류,사과,후지,7800,,1,4인,40대,200만원 미만,10
2010,1,슈퍼마켓,2010-01-09 00:00:00,토요일,소형슈퍼마켓,경기,사과,과일류,사과,기타사과,5000,,8,4인,40대,200만원 미만,9
2010,1,대형마트,2010-01-03 00:00:00,일요일,대형마트일반,경기,배,과일류,배,기타배,11600,,2,4인,40대,200만원 미만,3
2010,1,온라인몰,2010-01-15 00:00:00,금요일,인터넷구매,온라인,감귤국내산_,과일류,감귤,밀감,13000,,1,4인,40대,200만원 미만,15
2010,1,전통시장,2010-01-16 00:00:00,토요일,재래시장,경기,귤,과일류,감귤,밀감,5000,,1,4인,40대,200만원 미만,16
2010,1,슈퍼마켓,2010-01-28 00:00:00,목요일,소형슈퍼마켓,경기,단감,과일류,단감,단감,4000,,2,4인,40대,200만원 미만,28
2010,1,백화점,2010-01-17 00:00:00,일요일,GS스퀘어부천점,경기,사과,과일류,사과,기타사과,7000,,10,4인,40대,200만원 미만,17
2010,1,전통시장,2010-01-03 00:00:00,일요일,재래시장,경기,사과,과일류,사과,기타사과,10000,,10,4인,40대,200만원 미만,3
2010,1,백화점,2010-01-10 00:00:00,일요일,GS스퀘어부천점,경기,봉지단감,과일류,단감,단감,3280,,1,4인,40대,200만원 미만,10
2010,1,전문점,2010-01-11 00:00:00,월요일,전문점,경기,단감,과일류,단감,단감,3500,,1,4인,40대,200만원 미만,11
2010,1,슈퍼마켓,2010-01-07 00:00:00,목요일,소형슈퍼마켓,경기,청과,과일류,기타과일,기타과일,2000,,1,3인,50대,200만원 미만,7
2010,1,슈퍼마켓,2010-01-18 00:00:00,월요일,소형슈퍼마켓,경기,청과,과일류,기타과일,기타과일,10000,,2,3인,50대,200만원 미만,18
2010,1,슈퍼마켓,2010-01-21 00:00:00,목요일,소형슈퍼마켓,경기,감,과일류,떫은감,일반떫은감,2500,,1,3인,50대,200만원대,21
2010,1,슈퍼마켓,2010-01-14 00:00:00,목요일,소형슈퍼마켓,경기,단감,과일류,단감,단감,4500,,1,3인,50대,200만원대,14
2010,1,슈퍼마켓,2010-01-17 00:00:00,일요일,소형슈퍼마켓,경기,바나나,과일류,바나나,일반바나나,2000,,1,4인,60대,200만원 미만,17
2010,1,슈퍼마켓,2010-01-08 00:00:00,금요일,소형슈퍼마켓,경기,참다래,과일류,참다래,그린키위,1500,,1,4인,60대,200만원 미만,8
2010,1,슈퍼마켓,2010-01-17 00:00:00,일요일,소형슈퍼마켓,경기,대봉,과일류,떫은감,대봉,5000,,1,4인,60대,200만원 미만,17
2010,1,슈퍼마켓,2010-01-08 00:00:00,금요일,소형슈퍼마켓,경기,귤,과일류,감귤,밀감,2000,,1,4인,60대,200만원 미만,8
2010,1,슈퍼마켓,2010-01-08 00:00:00,금요일,소형슈퍼마켓,경기,바나나,과일류,바나나,일반바나나,2000,,1,4인,60대,200만원 미만,8
2010,1,슈퍼마켓,2010-01-08 00:00:00,금요일,소형슈퍼마켓,경기,사과,과일류,사과,기타사과,5000,,1,4인,60대,200만원 미만,8
2010,1,슈퍼마켓,2010-01-12 00:00:00,화요일,소형슈퍼마켓,경기,귤,과일류,감귤,밀감,2000,,1,4인,60대,200만원 미만,12
2010,1,슈퍼마켓,2010-01-23 00:00:00,토요일,소형슈퍼마켓,경기,사과,과일류,사과,기타사과,5000,,6,4인,50대,200만원대,23
2010,1,전통시장,2010-01-30 00:00:00,토요일,재래시장,경기,사과,과일류,사과,기타사과,6000,,10,4인,50대,200만원대,30
2010,1,전통시장,2010-01-15 00:00:00,금요일,재래시장,경기,사과,과일류,사과,기타사과,5000,,10,4인,50대,200만원대,15
2010,1,슈퍼마켓,2010-01-11 00:00:00,월요일,소형슈퍼마켓,경기,청과,과일류,기타과일,기타과일,1000,,1,4인,50대,200만원대,11
2010,1,슈퍼마켓,2010-01-11 00:00:00,월요일,소형슈퍼마켓,경기,단감,과일류,단감,단감,6000,,2,4인,50대,200만원대,11
2010,1,슈퍼마켓,2010-01-11 00:00:00,월요일,소형슈퍼마켓,경기,바나나,과일류,바나나,일반바나나,4000,,1,4인,50대,200만원대,11
2010,1,슈퍼마켓,2010-01-26 00:00:00,화요일,소형슈퍼마켓,경기,단감,과일류,단감,단감,2500,,5,4인,50대,200만원대,26
2010,1,슈퍼마켓,2010-01-31 00:00:00,일요일,하나로클럽성남점,경기,오렌지,과일류,오렌지,오렌지,9980,,1,4인,40대,400만원대,31
2010,1,슈퍼마켓,2010-01-08 00:00:00,금요일,하나로클럽성남점,경기,칼슘사과,과일류,사과,기타사과,25960,,2,4인,40대,400만원대,8
2010,1,슈퍼마켓,2010-01-30 00:00:00,토요일,대형슈퍼마켓,경기,조생밀감,과일류,감귤,밀감,19800,,1,4인,40대,400만원대,30
2010,1,슈퍼마켓,2010-01-11 00:00:00,월요일,하나로클럽성남점,경기,단감국내산_,과일류,단감,단감,3980,,1,4인,40대,400만원대,11
2010,1,전문점,2010-01-06 00:00:00,수요일,유기농매장,경기,한라봉,과일류,감귤,한라봉,55000,,1,3인,40대,200만원 미만,6
2010,1,대형마트,2010-01-03 00:00:00,일요일,홈플러스분당오리점,경기,제주골드키위,과일류,참다래,골드키위,7800,,1,4인,40대,200만원대,3
2010,1,대형마트,2010-01-10 00:00:00,일요일,이마트분당점,경기,제주올레길밀감,과일류,감귤,밀감,9980,,1,4인,40대,200만원대,10
2010,1,대형마트,2010-01-10 00:00:00,일요일,이마트분당점,경기,친환경세척안심사과,과일류,사과,기타사과,10800,,9,4인,40대,200만원대,10
2010,1,대형마트,2010-01-03 00:00:00,일요일,홈플러스분당오리점,경기,HMP점보석류,과일류,열대과일,석류,3000,,1,4인,40대,200만원대,3
2010,1,대형마트,2010-01-03 00:00:00,일요일,홈플러스분당오리점,경기,바나나,과일류,바나나,일반바나나,1710,,1,4인,40대,200만원대,3
2010,1,슈퍼마켓,2010-01-16 00:00:00,토요일,하나로클럽성남점,경기,배,과일류,배,기타배,3000,,1,3인,50대,200만원대,16
2010,1,전통시장,2010-01-11 00:00:00,월요일,재래시장,경기,제주감귤,과일류,감귤,밀감,12000,,1,4인,40대,200만원대,11
2010,1,대형마트,2010-01-05 00:00:00,화요일,대형마트일반,경기,키위,과일류,참다래,기타키위,2000,,5,4인,40대,200만원 미만,5
2010,1,전통시장,2010-01-12 00:00:00,화요일,재래시장,경기,사과,과일류,사과,기타사과,5000,,5,5인,30대,200만원대,12
2010,1,슈퍼마켓,2010-01-06 00:00:00,수요일,대형슈퍼마켓,경기,쥬스용사과,과일류,사과,기타사과,3580,,1,5인,30대,200만원대,6
2010,1,슈퍼마켓,2010-01-01 00:00:00,금요일,대형슈퍼마켓,경기,청과류,과일류,기타과일,기타과일,15000,,1,5인,30대,200만원대,1
2010,1,무점포,2010-01-26 00:00:00,화요일,노점,경기,단감,과일류,단감,단감,5000,,1,5인,30대,200만원대,26
2010,1,슈퍼마켓,2010-01-24 00:00:00,일요일,대형슈퍼마켓,경기,쥬스용사과,과일류,사과,기타사과,4580,,1,5인,30대,200만원대,24
2010,1,전통시장,2010-01-12 00:00:00,화요일,재래시장,경기,귤,과일류,감귤,밀감,2000,,1,5인,30대,200만원대,12
2010,1,슈퍼마켓,2010-01-24 00:00:00,일요일,대형슈퍼마켓,경기,단감,과일류,단감,단감,2980,,1,5인,30대,200만원대,24
2010,1,무점포,2010-01-26 00:00:00,화요일,노점,경기,귤,과일류,감귤,밀감,17000,,1,5인,30대,200만원대,26
2010,1,슈퍼마켓,2010-01-18 00:00:00,월요일,대형슈퍼마켓,경기,청과류,과일류,기타과일,기타과일,17000,,1,5인,30대,200만원대,18
2010,1,슈퍼마켓,2010-01-16 00:00:00,토요일,대형슈퍼마켓,경기,쥬스용사과,과일류,사과,기타사과,3980,,1,5인,30대,300만원대,16
2010,1,슈퍼마켓,2010-01-02 00:00:00,토요일,대형슈퍼마켓,경기,귤,과일류,감귤,밀감,4000,,1,5인,30대,300만원대,2
2010,1,전통시장,2010-01-28 00:00:00,목요일,재래시장,경기,바나나,과일류,바나나,일반바나나,3000,,1,5인,30대,300만원대,28
2010,1,슈퍼마켓,2010-01-08 00:00:00,금요일,소형슈퍼마켓,경기,사과,과일류,사과,기타사과,3500,,7,5인,30대,300만원대,8
2010,1,슈퍼마켓,2010-01-19 00:00:00,화요일,대형슈퍼마켓,경기,귤,과일류,감귤,밀감,20000,,1,5인,30대,300만원대,19
2010,1,슈퍼마켓,2010-01-02 00:00:00,토요일,소형슈퍼마켓,경기,감,과일류,떫은감,일반떫은감,3500,,1,3인,30대,200만원 미만,2
2010,1,슈퍼마켓,2010-01-09 00:00:00,토요일,대형슈퍼마켓,경기,쥬스용사과,과일류,사과,기타사과,3980,,1,3인,30대,200만원 미만,9
2010,1,슈퍼마켓,2010-01-27 00:00:00,수요일,대형슈퍼마켓,경기,쥬스용사과,과일류,사과,기타사과,3580,,1,4인,30대,300만원대,27
2010,1,무점포,2010-01-03 00:00:00,일요일,노점,경기,귤,과일류,감귤,밀감,14700,,1,4인,30대,300만원대,3
2010,1,슈퍼마켓,2010-01-22 00:00:00,금요일,대형슈퍼마켓,경기,황금알감귤,과일류,감귤,밀감,7980,,1,4인,30대,300만원대,22
2010,1,무점포,2010-01-11 00:00:00,월요일,노점,경기,귤,과일류,감귤,밀감,14900,,1,4인,30대,300만원대,11
2010,1,슈퍼마켓,2010-01-22 00:00:00,금요일,대형슈퍼마켓,경기,사과,과일류,사과,기타사과,3980,,1,4인,30대,300만원대,22
2010,1,슈퍼마켓,2010-01-22 00:00:00,금요일,대형슈퍼마켓,경기,바나나,과일류,바나나,일반바나나,1980,,1,4인,30대,300만원대,22
2010,1,무점포,2010-01-23 00:00:00,토요일,노점,경기,귤,과일류,감귤,밀감,14800,,1,4인,30대,300만원대,23
2010,1,슈퍼마켓,2010-01-21 00:00:00,목요일,소형슈퍼마켓,경기,바나나,과일류,바나나,일반바나나,2000,,1,3인,50대,300만원대,21
2010,1,전통시장,2010-01-25 00:00:00,월요일,재래시장,경기,바나나,과일류,바나나,일반바나나,2000,,1,3인,50대,300만원대,25
2010,1,무점포,2010-01-29 00:00:00,금요일,노점,경기,귤,과일류,감귤,밀감,3000,,1,3인,50대,300만원대,29
2010,1,무점포,2010-01-22 00:00:00,금요일,노점,경기,제주감귤,과일류,감귤,밀감,20000,,1,4인,50대,200만원대,22
2010,1,슈퍼마켓,2010-01-01 00:00:00,금요일,대형슈퍼마켓,경기,귤,과일류,감귤,밀감,10000,,1,4인,50대,200만원대,1
2010,1,슈퍼마켓,2010-01-12 00:00:00,화요일,대형슈퍼마켓,경기,캠벨포도,과일류,포도,캠벨얼리,4980,,1,4인,50대,200만원대,12
2010,1,슈퍼마켓,2010-01-02 00:00:00,토요일,롯데슈퍼언남점,경기,참다래친환경_,과일류,참다래,그린키위,5480,,1,4인,50대,400만원대,2
2010,1,슈퍼마켓,2010-01-24 00:00:00,일요일,롯데슈퍼언남점,경기,못난이사과,과일류,사과,기타사과,3960,,2,4인,50대,400만원대,24
2010,1,전통시장,2010-01-24 00:00:00,일요일,재래시장,경기,귤,과일류,감귤,밀감,12000,,1,4인,50대,400만원대,24
2010,1,대형마트,2010-01-10 00:00:00,일요일,이마트죽전점,경기,바나나필리핀산_,과일류,바나나,일반바나나,2980,,1,4인,50대,400만원대,10
2010,1,슈퍼마켓,2010-01-24 00:00:00,일요일,롯데슈퍼언남점,경기,델몬트바나나,과일류,바나나,일반바나나,1880,,1,4인,50대,400만원대,24
2010,1,슈퍼마켓,2010-01-13 00:00:00,수요일,소형슈퍼마켓,경기,귤,과일류,감귤,밀감,3000,,1,4인,50대,400만원대,13
2010,1,슈퍼마켓,2010-01-10 00:00:00,일요일,소형슈퍼마켓,경기,석류,과일류,열대과일,석류,2000,,1,4인,50대,200만원 미만,10
2010,1,슈퍼마켓,2010-01-30 00:00:00,토요일,소형슈퍼마켓,경기,사과,과일류,사과,기타사과,4000,,4,4인,50대,200만원 미만,30
2010,1,슈퍼마켓,2010-01-15 00:00:00,금요일,소형슈퍼마켓,경기,바나나,과일류,바나나,일반바나나,3500,,1,4인,50대,200만원 미만,15
2010,1,슈퍼마켓,2010-01-30 00:00:00,토요일,소형슈퍼마켓,경기,배,과일류,배,기타배,2000,,1,4인,50대,200만원 미만,30
2010,1,기타,2010-01-28 00:00:00,목요일,기타,경기,사과,과일류,사과,기타사과,5000,,10,4인,50대,200만원 미만,28
2010,1,슈퍼마켓,2010-01-15 00:00:00,금요일,소형슈퍼마켓,경기,참다래,과일류,참다래,그린키위,1500,,1,4인,50대,200만원 미만,15
2010,1,대형마트,2010-01-11 00:00:00,월요일,세이브존성남점,경기,오렌지수입산_,과일류,오렌지,오렌지,5980,,1,4인,50대,200만원 미만,11
2010,1,슈퍼마켓,2010-01-10 00:00:00,일요일,소형슈퍼마켓,경기,청과류,과일류,기타과일,기타과일,8000,,1,4인,50대,200만원 미만,10
2010,1,슈퍼마켓,2010-01-17 00:00:00,일요일,소형슈퍼마켓,경기,단감,과일류,단감,단감,7000,,4,6인,50대,300만원대,17
2010,1,슈퍼마켓,2010-01-24 00:00:00,일요일,소형슈퍼마켓,경기,단감,과일류,단감,단감,8750,,5,6인,50대,300만원대,24
2010,1,슈퍼마켓,2010-01-04 00:00:00,월요일,홈플러스익스프레스수진점,경기,참다래,과일류,참다래,그린키위,4490,,1,6인,50대,300만원대,4
2010,1,슈퍼마켓,2010-01-06 00:00:00,수요일,소형슈퍼마켓,경기,귤,과일류,감귤,밀감,8500,,1,6인,50대,300만원대,6
2010,1,슈퍼마켓,2010-01-17 00:00:00,일요일,소형슈퍼마켓,경기,키위,과일류,참다래,기타키위,2000,,2,6인,50대,300만원대,17
2010,1,슈퍼마켓,2010-01-17 00:00:00,일요일,소형슈퍼마켓,경기,단감,과일류,단감,단감,1750,,1,6인,50대,300만원대,17
2010,1,슈퍼마켓,2010-01-22 00:00:00,금요일,소형슈퍼마켓,경기,귤,과일류,감귤,밀감,2000,,1,6인,50대,300만원대,22
2010,1,슈퍼마켓,2010-01-02 00:00:00,토요일,소형슈퍼마켓,경기,귤,과일류,감귤,밀감,16000,,1,6인,50대,300만원대,2
2010,1,슈퍼마켓,2010-01-29 00:00:00,금요일,소형슈퍼마켓,경기,바나나,과일류,바나나,일반바나나,3000,,1,6인,50대,300만원대,29
2010,1,슈퍼마켓,2010-01-17 00:00:00,일요일,소형슈퍼마켓,경기,사과,과일류,사과,기타사과,8850,,3,6인,50대,300만원대,17
2010,1,슈퍼마켓,2010-01-17 00:00:00,일요일,소형슈퍼마켓,경기,키위수입산_,과일류,참다래,기타키위,5000,,5,6인,50대,300만원대,17
2010,1,슈퍼마켓,2010-01-15 00:00:00,금요일,소형슈퍼마켓,경기,귤,과일류,감귤,밀감,16000,,1,6인,50대,300만원대,15
2010,1,슈퍼마켓,2010-01-06 00:00:00,수요일,소형슈퍼마켓,경기,바나나,과일류,바나나,일반바나나,3000,,2,6인,50대,300만원대,6
2010,1,슈퍼마켓,2010-01-03 00:00:00,일요일,대형슈퍼마켓,경기,사과친환경_,과일류,사과,기타사과,3900,,1,4인,50대,200만원대,3
2010,1,슈퍼마켓,2010-01-18 00:00:00,월요일,하나로클럽성남점,경기,감귤국내산_,과일류,감귤,밀감,1980,,1,4인,50대,200만원대,18
2010,1,슈퍼마켓,2010-01-11 00:00:00,월요일,하나로클럽성남점,경기,단감국내산_,과일류,단감,단감,3980,,5,4인,50대,200만원대,11
2010,1,슈퍼마켓,2010-01-03 00:00:00,일요일,대형슈퍼마켓,경기,감귤국내산_,과일류,감귤,밀감,5800,,1,4인,50대,200만원대,3
2010,1,전통시장,2010-01-05 00:00:00,화요일,재래시장,경기,단감,과일류,단감,단감,4000,,2,4인,50대,200만원대,5
2010,1,전통시장,2010-01-14 00:00:00,목요일,재래시장,경기,단감,과일류,단감,단감,4000,,2,4인,50대,200만원대,14
2010,1,슈퍼마켓,2010-01-06 00:00:00,수요일,하나로클럽성남점,경기,감귤국내산_,과일류,감귤,밀감,1980,,1,4인,50대,200만원대,6
2010,1,전통시장,2010-01-22 00:00:00,금요일,재래시장,경기,단감,과일류,단감,단감,5000,,3,4인,50대,200만원대,22
2010,1,슈퍼마켓,2010-01-03 00:00:00,일요일,대형슈퍼마켓,경기,단감국내산_,과일류,단감,단감,5800,,2,4인,50대,200만원대,3
2010,1,슈퍼마켓,2010-01-11 00:00:00,월요일,하나로클럽성남점,경기,감귤국내산_,과일류,감귤,밀감,3960,,2,4인,50대,200만원대,11
2010,1,슈퍼마켓,2010-01-11 00:00:00,월요일,하나로클럽성남점,경기,사과,과일류,사과,기타사과,4980,,10,4인,50대,200만원대,11
2010,1,슈퍼마켓,2010-01-13 00:00:00,수요일,대형슈퍼마켓,경기,사과,과일류,사과,기타사과,8400,,2,5인,40대,200만원대,13
2010,1,슈퍼마켓,2010-01-12 00:00:00,화요일,대형슈퍼마켓,경기,바나나,과일류,바나나,일반바나나,3960,,2,5인,40대,200만원대,12
2010,1,슈퍼마켓,2010-01-14 00:00:00,목요일,대형슈퍼마켓,경기,사과,과일류,사과,기타사과,5000,,1,5인,40대,200만원대,14
2010,1,슈퍼마켓,2010-01-13 00:00:00,수요일,대형슈퍼마켓,경기,석류,과일류,열대과일,석류,9400,,2,5인,40대,200만원대,13
2010,1,슈퍼마켓,2010-01-14 00:00:00,목요일,대형슈퍼마켓,경기,석류,과일류,열대과일,석류,5000,,1,5인,40대,200만원대,14
2010,1,슈퍼마켓,2010-01-14 00:00:00,목요일,대형슈퍼마켓,경기,청과류,과일류,기타과일,기타과일,8500,,1,5인,40대,200만원대,14
2010,1,슈퍼마켓,2010-01-14 00:00:00,목요일,소형슈퍼마켓,경기,바나나,과일류,바나나,일반바나나,2600,,1,2인,30대,200만원 미만,14
2010,1,슈퍼마켓,2010-01-19 00:00:00,화요일,소형슈퍼마켓,경기,귤,과일류,감귤,밀감,3000,,1,2인,50대,200만원 미만,19
2010,1,전통시장,2010-01-04 00:00:00,월요일,재래시장,경기,사과,과일류,사과,기타사과,3900,,1,2인,50대,200만원 미만,4
2010,1,전통시장,2010-01-26 00:00:00,화요일,재래시장,경기,사과,과일류,사과,기타사과,4000,,1,2인,50대,200만원 미만,26
2010,1,슈퍼마켓,2010-01-29 00:00:00,금요일,소형슈퍼마켓,경기,귤,과일류,감귤,밀감,5000,,1,2인,50대,200만원 미만,29
2010,1,슈퍼마켓,2010-01-15 00:00:00,금요일,소형슈퍼마켓,경기,단감,과일류,단감,단감,6900,,1,4인,40대,400만원대,15
2010,1,슈퍼마켓,2010-01-15 00:00:00,금요일,소형슈퍼마켓,경기,귤,과일류,감귤,밀감,2710,,1,4인,40대,400만원대,15
2010,1,대형마트,2010-01-23 00:00:00,토요일,홈플러스야탑점,경기,HMP석류,과일류,열대과일,석류,9960,,2,4인,40대,400만원대,23
2010,1,슈퍼마켓,2010-01-12 00:00:00,화요일,대형슈퍼마켓,경기,효돈감귤,과일류,감귤,밀감,3450,,1,3인,30대,200만원대,12
2010,1,대형마트,2010-01-24 00:00:00,일요일,이마트분당점,경기,네이블오렌지미국산_,과일류,오렌지,오렌지,4980,,1,3인,40대,200만원대,24
2010,1,슈퍼마켓,2010-01-20 00:00:00,수요일,홈플러스익스프레스분당정자점,경기,밀감,과일류,감귤,밀감,2990,,1,3인,40대,200만원대,20
2010,1,슈퍼마켓,2010-01-29 00:00:00,금요일,홈플러스익스프레스분당정자점,경기,밀감,과일류,감귤,밀감,2490,,1,3인,40대,200만원대,29
2010,1,대형마트,2010-01-26 00:00:00,화요일,뉴코아과천점,경기,사과,과일류,사과,기타사과,3980,,1,3인,40대,200만원대,26
2010,1,슈퍼마켓,2010-01-05 00:00:00,화요일,홈플러스익스프레스분당정자점,경기,사과,과일류,사과,기타사과,3490,,1,3인,40대,200만원대,5
2010,1,슈퍼마켓,2010-01-20 00:00:00,수요일,홈플러스익스프레스분당정자점,경기,HMP고당도사과,과일류,사과,기타사과,5900,,1,3인,40대,200만원대,20
2010,1,슈퍼마켓,2010-01-16 00:00:00,토요일,홈플러스익스프레스분당정자점,경기,바나나,과일류,바나나,일반바나나,1990,,1,3인,40대,200만원대,16
2010,1,슈퍼마켓,2010-01-25 00:00:00,월요일,홈플러스익스프레스분당정자점,경기,유명산지사과,과일류,사과,기타사과,3990,,1,3인,50대,300만원대,25
2010,1,대형마트,2010-01-13 00:00:00,수요일,이마트죽전점,경기,청송미시마사과,과일류,사과,후지,5480,,1,3인,50대,300만원대,13
2010,1,대형마트,2010-01-09 00:00:00,토요일,이마트분당점,경기,프리미엄사과국내산_,과일류,사과,기타사과,10000,,1,3인,50대,300만원대,9
2010,1,대형마트,2010-01-13 00:00:00,수요일,이마트죽전점,경기,청송비타칼슘고당도사과,과일류,사과,기타사과,5480,,4,3인,50대,300만원대,13
2010,1,슈퍼마켓,2010-01-25 00:00:00,월요일,홈플러스익스프레스분당정자점,경기,단감특_,과일류,단감,단감,4980,,1,3인,50대,300만원대,25
2010,1,슈퍼마켓,2010-01-24 00:00:00,일요일,소형슈퍼마켓,경기,바나나,과일류,바나나,일반바나나,2500,,1,3인,50대,300만원대,24
2010,1,대형마트,2010-01-18 00:00:00,월요일,이마트분당점,경기,돌스위티오바나나필리핀산_,과일류,바나나,일반바나나,4900,,1,3인,50대,300만원대,18
2010,1,대형마트,2010-01-30 00:00:00,토요일,이마트분당점,경기,그린키위뉴질랜드_,과일류,참다래,그린키위,2170,,2,3인,50대,300만원대,30
2010,1,대형마트,2010-01-11 00:00:00,월요일,이마트분당점,경기,문산월아산단감특대_,과일류,단감,단감,5980,,1,3인,50대,300만원대,11
2010,1,슈퍼마켓,2010-01-09 00:00:00,토요일,소형슈퍼마켓,경기,청과류,과일류,기타과일,기타과일,12000,,1,3인,50대,300만원대,9
2010,1,대형마트,2010-01-30 00:00:00,토요일,이마트분당점,경기,돌스위티오바나나필리핀산_,과일류,바나나,일반바나나,2740,,1,3인,50대,300만원대,30
2010,1,슈퍼마켓,2010-01-04 00:00:00,월요일,소형슈퍼마켓,경기,청과류,과일류,기타과일,기타과일,2000,,1,3인,50대,300만원대,4
2010,1,슈퍼마켓,2010-01-13 00:00:00,수요일,소형슈퍼마켓,경기,귤,과일류,감귤,밀감,5000,,1,4인,40대,200만원 미만,13
2010,1,슈퍼마켓,2010-01-19 00:00:00,화요일,대형슈퍼마켓,경기,청과류,과일류,기타과일,기타과일,3500,,1,4인,40대,200만원 미만,19
2010,1,슈퍼마켓,2010-01-19 00:00:00,화요일,대형슈퍼마켓,경기,청과류,과일류,기타과일,기타과일,9800,,1,4인,40대,200만원 미만,19
2010,1,슈퍼마켓,2010-01-19 00:00:00,화요일,대형슈퍼마켓,경기,청과류,과일류,기타과일,기타과일,2500,,1,4인,40대,200만원 미만,19
2010,1,슈퍼마켓,2010-01-12 00:00:00,화요일,홈플러스익스프레스분당정자점,경기,배친환경_,과일류,배,기타배,5990,,3,4인,30대,300만원대,12
2010,1,대형마트,2010-01-23 00:00:00,토요일,이마트분당점,경기,프리미엄사과국내산_,과일류,사과,기타사과,10000,,1,4인,30대,300만원대,23
2010,1,대형마트,2010-01-01 00:00:00,금요일,이마트분당점,경기,돌스위티오바나나필리핀산_,과일류,바나나,일반바나나,4380,,1,4인,30대,300만원대,1
2010,1,대형마트,2010-01-01 00:00:00,금요일,이마트분당점,경기,청송비타칼슘고당도사과,과일류,사과,기타사과,4980,,4,4인,30대,300만원대,1
2010,1,대형마트,2010-01-23 00:00:00,토요일,이마트분당점,경기,돌스위티오바나나필리핀산_,과일류,바나나,일반바나나,3980,,1,4인,30대,300만원대,23
2010,1,백화점,2010-01-27 00:00:00,수요일,애경백화점분당점,경기,감귤친환경_,과일류,감귤,밀감,5900,,1,4인,30대,300만원대,27
2010,1,대형마트,2010-01-01 00:00:00,금요일,이마트분당점,경기,제주올레길밀감,과일류,감귤,밀감,9800,,1,4인,30대,300만원대,1
2010,1,슈퍼마켓,2010-01-13 00:00:00,수요일,소형슈퍼마켓,경기,청과류,과일류,기타과일,기타과일,1000,,1,2인,50대,200만원 미만,13
2010,1,슈퍼마켓,2010-01-13 00:00:00,수요일,소형슈퍼마켓,경기,조생귤국내산_,과일류,감귤,밀감,2000,,1,2인,50대,200만원 미만,13
2010,1,슈퍼마켓,2010-01-14 00:00:00,목요일,소형슈퍼마켓,경기,조생귤,과일류,감귤,밀감,2000,,1,2인,50대,200만원 미만,14
2010,1,슈퍼마켓,2010-01-19 00:00:00,화요일,소형슈퍼마켓,경기,바나나,과일류,바나나,일반바나나,1500,,1,2인,50대,200만원 미만,19
2010,1,슈퍼마켓,2010-01-21 00:00:00,목요일,소형슈퍼마켓,경기,감귤,과일류,감귤,밀감,3000,,1,3인,30대,300만원대,21
2010,1,슈퍼마켓,2010-01-30 00:00:00,토요일,소형슈퍼마켓,경기,사과,과일류,사과,기타사과,1500,,1,3인,30대,300만원대,30
2010,1,슈퍼마켓,2010-01-13 00:00:00,수요일,소형슈퍼마켓,경기,귤,과일류,감귤,밀감,2000,,1,3인,30대,300만원대,13
2010,1,슈퍼마켓,2010-01-29 00:00:00,금요일,소형슈퍼마켓,경기,감귤,과일류,감귤,밀감,14500,,1,3인,30대,300만원대,29
2010,1,슈퍼마켓,2010-01-21 00:00:00,목요일,소형슈퍼마켓,경기,단감,과일류,단감,단감,2000,,1,3인,30대,300만원대,21
2010,1,슈퍼마켓,2010-01-30 00:00:00,토요일,소형슈퍼마켓,경기,배,과일류,배,기타배,2000,,1,3인,30대,300만원대,30
2010,1,슈퍼마켓,2010-01-06 00:00:00,수요일,소형슈퍼마켓,경기,귤,과일류,감귤,밀감,2000,,1,3인,30대,300만원대,6
2010,1,슈퍼마켓,2010-01-30 00:00:00,토요일,소형슈퍼마켓,경기,단감,과일류,단감,단감,1500,,1,3인,30대,300만원대,30
2010,1,슈퍼마켓,2010-01-07 00:00:00,목요일,소형슈퍼마켓,경기,사과,과일류,사과,기타사과,3000,,3,3인,30대,300만원대,7
2010,1,슈퍼마켓,2010-01-26 00:00:00,화요일,소형슈퍼마켓,경기,귤,과일류,감귤,밀감,2000,,1,3인,30대,300만원대,26
2010,1,슈퍼마켓,2010-01-13 00:00:00,수요일,소형슈퍼마켓,경기,단감,과일류,단감,단감,1500,,1,3인,30대,300만원대,13
2010,1,슈퍼마켓,2010-01-08 00:00:00,금요일,소형슈퍼마켓,경기,귤,과일류,감귤,밀감,3000,,1,5인,30대,200만원대,8
2010,1,무점포,2010-01-26 00:00:00,화요일,노점,경기,사과,과일류,사과,기타사과,25000,,1,5인,30대,200만원대,26
2010,1,슈퍼마켓,2010-01-28 00:00:00,목요일,소형슈퍼마켓,경기,바나나,과일류,바나나,일반바나나,2000,,1,5인,30대,200만원대,28
2010,1,슈퍼마켓,2010-01-03 00:00:00,일요일,하나로클럽수원점,경기,감귤,과일류,감귤,밀감,7900,,1,5인,30대,200만원대,3
2010,1,슈퍼마켓,2010-01-30 00:00:00,토요일,대형슈퍼마켓,경기,유자,과일류,기타과일,유자,4950,,1,4인,40대,200만원 미만,30
2010,1,슈퍼마켓,2010-01-26 00:00:00,화요일,대형슈퍼마켓,경기,청과류,과일류,기타과일,기타과일,4950,,1,4인,40대,200만원 미만,26
2010,1,슈퍼마켓,2010-01-16 00:00:00,토요일,소형슈퍼마켓,경기,유자,과일류,기타과일,유자,4950,,1,4인,40대,200만원 미만,16
2010,1,전통시장,2010-01-09 00:00:00,토요일,재래시장,경기,귤,과일류,감귤,밀감,17000,,1,4인,40대,200만원 미만,9
2010,1,슈퍼마켓,2010-01-22 00:00:00,금요일,대형슈퍼마켓,경기,사과,과일류,사과,기타사과,35000,,1,1인,50대,200만원 미만,22
2010,1,무점포,2010-01-11 00:00:00,월요일,노점,경기,사과,과일류,사과,기타사과,25000,,1,1인,50대,200만원 미만,11
2010,1,슈퍼마켓,2010-01-12 00:00:00,화요일,대형슈퍼마켓,경기,청과류,과일류,기타과일,기타과일,5000,,1,1인,50대,200만원 미만,12
2010,1,슈퍼마켓,2010-01-29 00:00:00,금요일,소형슈퍼마켓,경기,청과류,과일류,기타과일,기타과일,10000,,2,3인,50대,200만원 미만,29
2010,1,슈퍼마켓,2010-01-07 00:00:00,목요일,소형슈퍼마켓,경기,귤,과일류,감귤,밀감,2000,,1,3인,50대,200만원 미만,7
2010,1,슈퍼마켓,2010-01-07 00:00:00,목요일,소형슈퍼마켓,경기,키위,과일류,참다래,기타키위,5000,,10,3인,50대,200만원 미만,7
2010,1,슈퍼마켓,2010-01-18 00:00:00,월요일,소형슈퍼마켓,경기,청과류,과일류,기타과일,기타과일,2000,,1,3인,50대,200만원 미만,18
2010,1,슈퍼마켓,2010-01-03 00:00:00,일요일,소형슈퍼마켓,경기,감귤,과일류,감귤,밀감,3000,,1,3인,50대,200만원 미만,3
2010,1,슈퍼마켓,2010-01-09 00:00:00,토요일,소형슈퍼마켓,경기,귤,과일류,감귤,밀감,6000,,1,3인,50대,200만원 미만,9
2010,1,슈퍼마켓,2010-01-13 00:00:00,수요일,소형슈퍼마켓,경기,청과류,과일류,기타과일,기타과일,7800,,1,3인,50대,300만원대,13
2010,1,전통시장,2010-01-09 00:00:00,토요일,재래시장,경기,바나나,과일류,바나나,일반바나나,2000,,1,3인,50대,300만원대,9
2010,1,대형마트,2010-01-08 00:00:00,금요일,뉴코아동수원점,경기,돌바나나,과일류,바나나,일반바나나,2980,,1,3인,40대,200만원 미만,8
2010,1,대형마트,2010-01-01 00:00:00,금요일,홈플러스동수원점,경기,알뜰밀감,과일류,감귤,밀감,2140,,1,3인,40대,200만원 미만,1
2010,1,슈퍼마켓,2010-01-30 00:00:00,토요일,소형슈퍼마켓,경기,단감국내산_,과일류,단감,단감,2500,,1,3인,40대,200만원 미만,30
2010,1,슈퍼마켓,2010-01-20 00:00:00,수요일,소형슈퍼마켓,경기,부사국내산_,과일류,사과,후지,5800,,1,3인,40대,200만원 미만,20
2010,1,대형마트,2010-01-23 00:00:00,토요일,홈플러스북수원점,경기,직수입바나나,과일류,바나나,일반바나나,4390,,1,4인,40대,200만원대,23
2010,1,대형마트,2010-01-10 00:00:00,일요일,롯데마트천천점,경기,델몬트바나나,과일류,바나나,일반바나나,1980,,1,4인,40대,200만원대,10
2010,1,무점포,2010-01-23 00:00:00,토요일,노점,경기,귤,과일류,감귤,밀감,14000,,1,3인,50대,200만원 미만,23
2010,1,전통시장,2010-01-02 00:00:00,토요일,재래시장,경기,귤,과일류,감귤,밀감,12000,,1,3인,50대,200만원 미만,2
2010,1,무점포,2010-01-11 00:00:00,월요일,노점,경기,바나나,과일류,바나나,일반바나나,2000,,1,3인,50대,200만원 미만,11
2010,1,무점포,2010-01-18 00:00:00,월요일,노점,경기,사과,과일류,사과,기타사과,10000,,15,3인,50대,200만원 미만,18
2010,1,전통시장,2010-01-31 00:00:00,일요일,재래시장,경기,귤,과일류,감귤,밀감,19000,,1,3인,40대,200만원대,31
2010,1,슈퍼마켓,2010-01-06 00:00:00,수요일,소형슈퍼마켓,경기,사과,과일류,사과,기타사과,26000,,1,3인,40대,200만원대,6
2010,1,대형마트,2010-01-13 00:00:00,수요일,대형마트일반,경기,사과,과일류,사과,기타사과,11960,,1,3인,40대,200만원대,13
2010,1,전통시장,2010-01-07 00:00:00,목요일,재래시장,경기,단감,과일류,단감,단감,8000,,4,3인,40대,200만원대,7
2010,1,슈퍼마켓,2010-01-25 00:00:00,월요일,소형슈퍼마켓,경기,귤,과일류,감귤,밀감,3000,,1,3인,40대,200만원대,25
2010,1,슈퍼마켓,2010-01-07 00:00:00,목요일,소형슈퍼마켓,경기,귤,과일류,감귤,밀감,14000,,1,4인,30대,200만원대,7
2010,1,대형마트,2010-01-17 00:00:00,일요일,홈플러스북수원점,경기,사과,과일류,사과,기타사과,3800,,1,4인,30대,200만원대,17
2010,1,대형마트,2010-01-29 00:00:00,금요일,홈플러스병점점,경기,배,과일류,배,기타배,19800,,2,4인,30대,200만원대,29
2010,1,대형마트,2010-01-17 00:00:00,일요일,홈플러스북수원점,경기,바나나,과일류,바나나,일반바나나,2800,,1,4인,30대,200만원대,17
2010,1,대형마트,2010-01-29 00:00:00,금요일,홈플러스병점점,경기,밀감,과일류,감귤,밀감,16000,,1,4인,30대,200만원대,29
2010,1,대형마트,2010-01-23 00:00:00,토요일,홈플러스북수원점,경기,오렌지,과일류,오렌지,오렌지,8800,,1,4인,30대,200만원대,23
2010,1,대형마트,2010-01-29 00:00:00,금요일,홈플러스병점점,경기,밀감,과일류,감귤,밀감,2220,,1,4인,30대,200만원대,29
2010,1,슈퍼마켓,2010-01-01 00:00:00,금요일,대형슈퍼마켓,경기,귤,과일류,감귤,밀감,20000,,2,4인,30대,200만원대,1
2010,1,대형마트,2010-01-09 00:00:00,토요일,홈플러스북수원점,경기,밀감,과일류,감귤,밀감,10000,,1,4인,30대,200만원대,9
2010,1,슈퍼마켓,2010-01-24 00:00:00,일요일,소형슈퍼마켓,경기,감,과일류,떫은감,일반떫은감,9000,,6,4인,40대,200만원대,24
2010,1,슈퍼마켓,2010-01-17 00:00:00,일요일,소형슈퍼마켓,경기,사과,과일류,사과,기타사과,5000,,1,4인,40대,200만원대,17
2010,1,슈퍼마켓,2010-01-07 00:00:00,목요일,소형슈퍼마켓,경기,귤,과일류,감귤,밀감,14000,,1,4인,40대,200만원대,7
2010,1,대형마트,2010-01-14 00:00:00,목요일,홈플러스북수원점,경기,바나나,과일류,바나나,일반바나나,2800,,1,4인,40대,200만원대,14
2010,1,슈퍼마켓,2010-01-25 00:00:00,월요일,소형슈퍼마켓,경기,귤,과일류,감귤,밀감,9000,,1,4인,40대,200만원대,25
2010,1,슈퍼마켓,2010-01-08 00:00:00,금요일,소형슈퍼마켓,경기,유자,과일류,기타과일,유자,6000,,3,4인,40대,200만원대,8
2010,1,슈퍼마켓,2010-01-23 00:00:00,토요일,소형슈퍼마켓,경기,사과,과일류,사과,기타사과,4500,,1,4인,40대,200만원대,23
2010,1,무점포,2010-01-14 00:00:00,목요일,노점,경기,사과,과일류,사과,기타사과,30000,,1,3인,50대,200만원 미만,14
2010,1,대형마트,2010-01-18 00:00:00,월요일,킴스클럽일산점,경기,조생귤,과일류,감귤,밀감,2543,,1,3인,50대,200만원 미만,18
2010,1,대형마트,2010-01-18 00:00:00,월요일,킴스클럽일산점,경기,단감,과일류,단감,단감,2990,,1,3인,50대,200만원 미만,18
2010,1,슈퍼마켓,2010-01-30 00:00:00,토요일,대형슈퍼마켓,경기,실속밀감,과일류,감귤,밀감,2490,,1,1인,60대,200만원 미만,30
2010,1,슈퍼마켓,2010-01-24 00:00:00,일요일,대형슈퍼마켓,경기,제스프리골드키위,과일류,참다래,골드키위,3000,,1,3인,30대,200만원대,24
2010,1,대형마트,2010-01-04 00:00:00,월요일,대형마트일반,경기,밀감,과일류,감귤,밀감,2000,,1,3인,30대,200만원대,4
2010,1,슈퍼마켓,2010-01-25 00:00:00,월요일,대형슈퍼마켓,경기,밀감,과일류,감귤,밀감,3000,,1,3인,30대,200만원대,25
2010,1,슈퍼마켓,2010-01-22 00:00:00,금요일,소형슈퍼마켓,경기,골드키위,과일류,참다래,골드키위,5000,,1,3인,50대,200만원 미만,22
2010,1,슈퍼마켓,2010-01-22 00:00:00,금요일,소형슈퍼마켓,경기,오렌지,과일류,오렌지,오렌지,10000,,1,3인,50대,200만원 미만,22
2010,1,슈퍼마켓,2010-01-23 00:00:00,토요일,소형슈퍼마켓,경기,청과류,과일류,기타과일,기타과일,13500,,1,4인,50대,200만원대,23
2010,1,전통시장,2010-01-12 00:00:00,화요일,재래시장,경기,감귤,과일류,감귤,밀감,3000,,1,4인,50대,200만원대,12
2010,1,슈퍼마켓,2010-01-16 00:00:00,토요일,소형슈퍼마켓,경기,부사,과일류,사과,후지,3300,,1,4인,50대,200만원대,16
2010,1,슈퍼마켓,2010-01-27 00:00:00,수요일,소형슈퍼마켓,경기,사과,과일류,사과,기타사과,3000,,1,4인,50대,200만원대,27
2010,1,슈퍼마켓,2010-01-20 00:00:00,수요일,소형슈퍼마켓,경기,부사,과일류,사과,후지,3300,,1,4인,50대,200만원대,20
2010,1,전통시장,2010-01-01 00:00:00,금요일,재래시장,경기,귤,과일류,감귤,밀감,3000,,1,4인,50대,200만원대,1
2010,1,슈퍼마켓,2010-01-11 00:00:00,월요일,소형슈퍼마켓,경기,감귤,과일류,감귤,밀감,2270,,1,4인,50대,200만원대,11
2010,1,슈퍼마켓,2010-01-10 00:00:00,일요일,대형슈퍼마켓,경기,단감,과일류,단감,단감,2500,,1,4인,50대,200만원대,10
2010,1,슈퍼마켓,2010-01-19 00:00:00,화요일,소형슈퍼마켓,경기,단감,과일류,단감,단감,2700,,1,4인,50대,200만원대,19
2010,1,슈퍼마켓,2010-01-05 00:00:00,화요일,소형슈퍼마켓,경기,감귤,과일류,감귤,밀감,2220,,1,4인,50대,200만원대,5
2010,1,슈퍼마켓,2010-01-16 00:00:00,토요일,소형슈퍼마켓,경기,감귤,과일류,감귤,밀감,2570,,1,4인,50대,200만원대,16
2010,1,슈퍼마켓,2010-01-22 00:00:00,금요일,대형슈퍼마켓,경기,사과,과일류,사과,기타사과,3000,,1,4인,50대,200만원대,22
2010,1,슈퍼마켓,2010-01-08 00:00:00,금요일,대형슈퍼마켓,경기,감귤,과일류,감귤,밀감,2360,,1,4인,50대,200만원대,8
2010,1,슈퍼마켓,2010-01-04 00:00:00,월요일,대형슈퍼마켓,경기,귤,과일류,감귤,밀감,2800,,1,4인,50대,200만원대,4
2010,1,슈퍼마켓,2010-01-08 00:00:00,금요일,소형슈퍼마켓,경기,사과,과일류,사과,기타사과,3000,,1,4인,50대,200만원대,8
2010,1,슈퍼마켓,2010-01-10 00:00:00,일요일,대형슈퍼마켓,경기,감귤,과일류,감귤,밀감,3000,,1,4인,50대,200만원대,10
2010,1,슈퍼마켓,2010-01-04 00:00:00,월요일,대형슈퍼마켓,경기,사과,과일류,사과,기타사과,2500,,1,4인,50대,200만원대,4
2010,1,슈퍼마켓,2010-01-20 00:00:00,수요일,소형슈퍼마켓,경기,감귤,과일류,감귤,밀감,2790,,1,4인,50대,200만원대,20
2010,1,전통시장,2010-01-01 00:00:00,금요일,재래시장,경기,사과,과일류,사과,기타사과,3000,,5,4인,50대,200만원대,1
2010,1,슈퍼마켓,2010-01-05 00:00:00,화요일,소형슈퍼마켓,경기,사과,과일류,사과,기타사과,3000,,1,4인,50대,200만원대,5
2010,1,전통시장,2010-01-29 00:00:00,금요일,재래시장,경기,단감,과일류,단감,단감,2500,,1,4인,50대,200만원대,29
2010,1,전통시장,2010-01-28 00:00:00,목요일,재래시장,경기,감귤,과일류,감귤,밀감,3000,,1,4인,50대,200만원대,28
2010,1,대형마트,2010-01-25 00:00:00,월요일,대형마트일반,경기,사과,과일류,사과,기타사과,4500,,1,4인,50대,200만원대,25
2010,1,슈퍼마켓,2010-01-16 00:00:00,토요일,소형슈퍼마켓,경기,단감,과일류,단감,단감,2500,,1,4인,50대,200만원대,16
2010,1,전통시장,2010-01-29 00:00:00,금요일,재래시장,경기,사과,과일류,사과,기타사과,5000,,1,4인,50대,200만원대,29
2010,1,전통시장,2010-01-06 00:00:00,수요일,재래시장,경기,감귤,과일류,감귤,밀감,3000,,1,4인,50대,200만원대,6
2010,1,전통시장,2010-01-12 00:00:00,화요일,재래시장,경기,단감,과일류,단감,단감,2500,,5,4인,50대,200만원대,12
2010,1,슈퍼마켓,2010-01-21 00:00:00,목요일,대형슈퍼마켓,경기,단감,과일류,단감,단감,5400,,3,4인,50대,200만원대,21
2010,1,슈퍼마켓,2010-01-14 00:00:00,목요일,소형슈퍼마켓,경기,사과,과일류,사과,기타사과,2400,,1,4인,50대,200만원대,14
2010,1,슈퍼마켓,2010-01-01 00:00:00,금요일,대형슈퍼마켓,경기,청과류,과일류,기타과일,기타과일,9900,,1,4인,30대,200만원대,1
2010,1,전통시장,2010-01-23 00:00:00,토요일,재래시장,경기,바나나,과일류,바나나,일반바나나,3000,,1,4인,30대,200만원대,23
2010,1,슈퍼마켓,2010-01-31 00:00:00,일요일,소형슈퍼마켓,경기,귤,과일류,감귤,밀감,3000,,1,4인,30대,200만원대,31
2010,1,슈퍼마켓,2010-01-31 00:00:00,일요일,소형슈퍼마켓,경기,단감,과일류,단감,단감,3000,,5,4인,30대,200만원대,31
2010,1,슈퍼마켓,2010-01-23 00:00:00,토요일,대형슈퍼마켓,경기,청과류,과일류,기타과일,기타과일,5000,,1,4인,30대,200만원대,23
2010,1,전통시장,2010-01-23 00:00:00,토요일,재래시장,경기,귤,과일류,감귤,밀감,3000,,1,4인,30대,200만원대,23
2010,1,대형마트,2010-01-28 00:00:00,목요일,홈플러스원천점,경기,돌바나나,과일류,바나나,일반바나나,4990,,1,4인,30대,400만원대,28
2010,1,슈퍼마켓,2010-01-02 00:00:00,토요일,소형슈퍼마켓,경기,귤,과일류,감귤,밀감,3000,,1,4인,30대,400만원대,2
2010,1,무점포,2010-01-12 00:00:00,화요일,아파트내임시장,경기,바나나,과일류,바나나,일반바나나,3000,,1,4인,30대,400만원대,12
2010,1,전통시장,2010-01-04 00:00:00,월요일,재래시장,경기,사과,과일류,사과,기타사과,35000,,1,4인,30대,400만원대,4
2010,1,슈퍼마켓,2010-01-03 00:00:00,일요일,대형슈퍼마켓,경기,청과류,과일류,기타과일,기타과일,7000,,2,4인,30대,400만원대,3
2010,1,무점포,2010-01-19 00:00:00,화요일,아파트내임시장,경기,바나나,과일류,바나나,일반바나나,3000,,1,4인,30대,400만원대,19
2010,1,전통시장,2010-01-14 00:00:00,목요일,재래시장,경기,귤,과일류,감귤,밀감,13000,,1,4인,40대,400만원대,14
2010,1,전통시장,2010-01-09 00:00:00,토요일,재래시장,경기,사과,과일류,사과,기타사과,30000,,1,4인,40대,400만원대,9
2010,1,전통시장,2010-01-28 00:00:00,목요일,재래시장,경기,귤,과일류,감귤,밀감,14000,,1,4인,40대,400만원대,28
2010,1,전통시장,2010-01-05 00:00:00,화요일,재래시장,경기,귤,과일류,감귤,밀감,14000,,1,4인,40대,400만원대,5
2010,1,슈퍼마켓,2010-01-24 00:00:00,일요일,소형슈퍼마켓,경기,귤,과일류,감귤,밀감,12000,,1,4인,40대,400만원대,24
2010,1,전통시장,2010-01-18 00:00:00,월요일,재래시장,경기,귤,과일류,감귤,밀감,14000,,1,4인,40대,400만원대,18
2010,1,전통시장,2010-01-22 00:00:00,금요일,재래시장,경기,귤,과일류,감귤,밀감,14000,,1,4인,40대,400만원대,22
2010,1,전통시장,2010-01-13 00:00:00,수요일,재래시장,경기,귤,과일류,감귤,밀감,14000,,1,4인,40대,400만원대,13
2010,1,슈퍼마켓,2010-01-22 00:00:00,금요일,소형슈퍼마켓,경기,제주서귀포감귤,과일류,감귤,밀감,18000,,1,4인,40대,400만원대,22
2010,1,슈퍼마켓,2010-01-30 00:00:00,토요일,소형슈퍼마켓,경기,단감,과일류,단감,단감,2500,,1,4인,40대,400만원대,30
2010,1,슈퍼마켓,2010-01-22 00:00:00,금요일,소형슈퍼마켓,경기,바나나,과일류,바나나,일반바나나,4000,,1,4인,40대,400만원대,22
2010,1,전통시장,2010-01-06 00:00:00,수요일,재래시장,경기,귤,과일류,감귤,밀감,2000,,1,4인,40대,200만원대,6
2010,1,전통시장,2010-01-15 00:00:00,금요일,재래시장,경기,귤,과일류,감귤,밀감,4000,,1,4인,40대,200만원대,15
2010,1,슈퍼마켓,2010-01-10 00:00:00,일요일,대형슈퍼마켓,경기,사과,과일류,사과,기타사과,5000,,1,4인,40대,200만원대,10
2010,1,슈퍼마켓,2010-01-30 00:00:00,토요일,대형슈퍼마켓,경기,귤림원감귤,과일류,감귤,밀감,2660,,1,4인,50대,200만원대,30
2010,1,슈퍼마켓,2010-01-24 00:00:00,일요일,대형슈퍼마켓,경기,봉지단감,과일류,단감,단감,2980,,1,4인,50대,200만원대,24
2010,1,슈퍼마켓,2010-01-13 00:00:00,수요일,대형슈퍼마켓,경기,봉지단감,과일류,단감,단감,1850,,1,4인,50대,200만원대,13
2010,1,슈퍼마켓,2010-01-25 00:00:00,월요일,대형슈퍼마켓,경기,황금알감귤,과일류,감귤,밀감,2560,,1,4인,50대,200만원대,25
2010,1,슈퍼마켓,2010-01-08 00:00:00,금요일,대형슈퍼마켓,경기,봉지단감,과일류,단감,단감,1850,,1,2인,50대,200만원대,8
2010,1,슈퍼마켓,2010-01-02 00:00:00,토요일,소형슈퍼마켓,경기,청과류,과일류,기타과일,기타과일,5800,,2,2인,50대,200만원대,2
2010,1,슈퍼마켓,2010-01-08 00:00:00,금요일,대형슈퍼마켓,경기,황금알감귤,과일류,감귤,밀감,4100,,1,2인,50대,200만원대,8
2010,1,슈퍼마켓,2010-01-20 00:00:00,수요일,소형슈퍼마켓,경기,청과,과일류,기타과일,기타과일,2000,,1,2인,50대,200만원대,20
2010,1,슈퍼마켓,2010-01-16 00:00:00,토요일,소형슈퍼마켓,경기,바나나,과일류,바나나,일반바나나,1500,,1,2인,50대,200만원대,16
2010,1,슈퍼마켓,2010-01-19 00:00:00,화요일,대형슈퍼마켓,경기,봉지단감,과일류,단감,단감,3700,,2,4인,50대,300만원대,19
2010,1,무점포,2010-01-11 00:00:00,월요일,노점,경기,사과,과일류,사과,기타사과,4000,,7,4인,50대,300만원대,11
2010,1,슈퍼마켓,2010-01-01 00:00:00,금요일,대형슈퍼마켓,경기,바나나,과일류,바나나,일반바나나,2500,,1,4인,50대,300만원대,1
2010,1,슈퍼마켓,2010-01-26 00:00:00,화요일,대형슈퍼마켓,경기,바나나,과일류,바나나,일반바나나,1980,,1,4인,50대,300만원대,26
2010,1,무점포,2010-01-11 00:00:00,월요일,노점,경기,귤,과일류,감귤,밀감,10000,,1,4인,50대,300만원대,11
2010,1,슈퍼마켓,2010-01-19 00:00:00,화요일,대형슈퍼마켓,경기,바나나,과일류,바나나,일반바나나,2500,,1,4인,50대,300만원대,19
2010,1,대형마트,2010-01-09 00:00:00,토요일,홈플러스북수원점,경기,밀감,과일류,감귤,밀감,10000,,1,4인,50대,300만원대,9
2010,1,슈퍼마켓,2010-01-15 00:00:00,금요일,소형슈퍼마켓,경기,바나나,과일류,바나나,일반바나나,2000,,1,4인,50대,300만원대,15
2010,1,대형마트,2010-01-24 00:00:00,일요일,홈플러스북수원점,경기,HMP석류특_,과일류,열대과일,석류,4980,,1,4인,50대,300만원대,24
2010,1,슈퍼마켓,2010-01-01 00:00:00,금요일,대형슈퍼마켓,경기,밀감,과일류,감귤,밀감,7980,,1,4인,50대,300만원대,1
2010,1,슈퍼마켓,2010-01-01 00:00:00,금요일,대형슈퍼마켓,경기,봉지단감,과일류,단감,단감,2960,,2,4인,50대,300만원대,1
2010,1,슈퍼마켓,2010-01-22 00:00:00,금요일,대형슈퍼마켓,경기,사과,과일류,사과,기타사과,3580,,1,4인,50대,300만원대,22
2010,1,무점포,2010-01-31 00:00:00,일요일,노점,경기,귤,과일류,감귤,밀감,18000,,1,4인,50대,300만원대,31
2010,1,대형마트,2010-01-17 00:00:00,일요일,대형마트일반,경기,사과,과일류,사과,기타사과,4900,,1,4인,50대,300만원대,17
2010,1,슈퍼마켓,2010-01-27 00:00:00,수요일,대형슈퍼마켓,경기,바나나,과일류,바나나,일반바나나,1980,,1,3인,40대,200만원대,27
2010,1,대형마트,2010-01-15 00:00:00,금요일,대형마트일반,경기,황금알감귤,과일류,감귤,밀감,9900,,1,3인,40대,200만원대,15
2010,1,슈퍼마켓,2010-01-17 00:00:00,일요일,대형슈퍼마켓,경기,감귤,과일류,감귤,밀감,5800,,1,3인,40대,200만원대,17
2010,1,대형마트,2010-01-22 00:00:00,금요일,롯데마트천천점,경기,제주감귤,과일류,감귤,밀감,4980,,1,4인,50대,200만원 미만,22
2010,1,슈퍼마켓,2010-01-26 00:00:00,화요일,대형슈퍼마켓,경기,사과,과일류,사과,기타사과,2000,,4,4인,50대,200만원 미만,26
2010,1,대형마트,2010-01-22 00:00:00,금요일,롯데마트천천점,경기,충주프레시안사과,과일류,사과,기타사과,3980,,1,4인,50대,200만원 미만,22
2010,1,슈퍼마켓,2010-01-30 00:00:00,토요일,소형슈퍼마켓,경기,귤,과일류,감귤,밀감,18000,,1,4인,40대,300만원대,30
2010,1,대형마트,2010-01-14 00:00:00,목요일,홈플러스북수원점,경기,바나나,과일류,바나나,일반바나나,2800,,1,4인,40대,300만원대,14
2010,1,무점포,2010-01-21 00:00:00,목요일,아파트내임시장,경기,단감,과일류,단감,단감,2000,,1,4인,40대,300만원대,21
2010,1,슈퍼마켓,2010-01-02 00:00:00,토요일,소형슈퍼마켓,경기,귤,과일류,감귤,밀감,16000,,1,4인,40대,300만원대,2
2010,1,무점포,2010-01-07 00:00:00,목요일,아파트내임시장,경기,사과,과일류,사과,기타사과,30000,,1,4인,40대,300만원대,7
2010,1,무점포,2010-01-20 00:00:00,수요일,노점,경기,한라봉,과일류,감귤,한라봉,35000,,1,4인,40대,300만원대,20
2010,1,무점포,2010-01-07 00:00:00,목요일,아파트내임시장,경기,바나나,과일류,바나나,일반바나나,2500,,1,4인,40대,300만원대,7
2010,1,전통시장,2010-01-23 00:00:00,토요일,재래시장,경기,귤,과일류,감귤,밀감,15000,,1,4인,40대,300만원대,23
2010,1,무점포,2010-01-07 00:00:00,목요일,아파트내임시장,경기,귤,과일류,감귤,밀감,5000,,1,4인,40대,300만원대,7
2010,1,대형마트,2010-01-15 00:00:00,금요일,홈플러스북수원점,경기,돌바나나,과일류,바나나,일반바나나,2200,,1,4인,40대,400만원대,15
2010,1,대형마트,2010-01-31 00:00:00,일요일,홈플러스북수원점,경기,밀감,과일류,감귤,밀감,6950,,1,4인,40대,400만원대,31
2010,1,슈퍼마켓,2010-01-26 00:00:00,화요일,소형슈퍼마켓,경기,귤,과일류,감귤,밀감,20000,,1,4인,50대,200만원 미만,26
2010,1,슈퍼마켓,2010-01-03 00:00:00,일요일,소형슈퍼마켓,경기,사과,과일류,사과,기타사과,6000,,1,4인,50대,200만원 미만,3
2010,1,슈퍼마켓,2010-01-17 00:00:00,일요일,소형슈퍼마켓,경기,단감,과일류,단감,단감,5000,,2,4인,50대,200만원 미만,17
2010,1,슈퍼마켓,2010-01-03 00:00:00,일요일,소형슈퍼마켓,경기,귤,과일류,감귤,밀감,15000,,1,4인,50대,200만원 미만,3
2010,1,슈퍼마켓,2010-01-04 00:00:00,월요일,대형슈퍼마켓,경기,바나나,과일류,바나나,일반바나나,2500,,1,4인,30대,300만원대,4
2010,1,슈퍼마켓,2010-01-09 00:00:00,토요일,대형슈퍼마켓,경기,바나나,과일류,바나나,일반바나나,2000,,1,4인,30대,300만원대,9
2010,1,슈퍼마켓,2010-01-11 00:00:00,월요일,대형슈퍼마켓,경기,단감,과일류,단감,단감,6000,,2,4인,30대,300만원대,11
2010,1,슈퍼마켓,2010-01-12 00:00:00,화요일,소형슈퍼마켓,경기,단감,과일류,단감,단감,5000,,2,4인,30대,300만원대,12
2010,1,슈퍼마켓,2010-01-27 00:00:00,수요일,대형슈퍼마켓,경기,청과류,과일류,기타과일,기타과일,4000,,2,4인,30대,300만원대,27
2010,1,슈퍼마켓,2010-01-04 00:00:00,월요일,대형슈퍼마켓,경기,단감,과일류,단감,단감,2500,,1,5인,30대,300만원대,4
2010,1,대형마트,2010-01-11 00:00:00,월요일,이마트서수원점,경기,단감,과일류,단감,단감,3980,,1,3인,40대,200만원대,11
2010,1,슈퍼마켓,2010-01-29 00:00:00,금요일,대형슈퍼마켓,경기,바나나,과일류,바나나,일반바나나,2000,,1,3인,40대,200만원대,29
2010,1,대형마트,2010-01-11 00:00:00,월요일,이마트서수원점,경기,바나나필리핀,과일류,바나나,일반바나나,2980,,1,3인,40대,200만원대,11
2010,1,슈퍼마켓,2010-01-10 00:00:00,일요일,소형슈퍼마켓,경기,귤,과일류,감귤,밀감,18000,,1,3인,40대,200만원대,10
2010,1,슈퍼마켓,2010-01-21 00:00:00,목요일,소형슈퍼마켓,경기,바나나,과일류,바나나,일반바나나,1650,,1,3인,50대,200만원대,21
2010,1,슈퍼마켓,2010-01-02 00:00:00,토요일,소형슈퍼마켓,경기,바나나,과일류,바나나,일반바나나,1490,,1,3인,50대,200만원대,2
2010,1,전통시장,2010-01-14 00:00:00,목요일,재래시장,경기,귤,과일류,감귤,밀감,8000,,1,3인,50대,200만원대,14
2010,1,슈퍼마켓,2010-01-02 00:00:00,토요일,소형슈퍼마켓,경기,귤,과일류,감귤,밀감,9900,,1,3인,50대,200만원대,2
2010,1,전통시장,2010-01-30 00:00:00,토요일,재래시장,경기,귤,과일류,감귤,밀감,8000,,1,3인,50대,200만원대,30
2010,1,슈퍼마켓,2010-01-20 00:00:00,수요일,대형슈퍼마켓,경기,사과,과일류,사과,기타사과,4800,,7,2인,40대,200만원대,20
2010,1,슈퍼마켓,2010-01-28 00:00:00,목요일,대형슈퍼마켓,경기,사과,과일류,사과,기타사과,4800,,1,2인,40대,200만원대,28
2010,1,슈퍼마켓,2010-01-06 00:00:00,수요일,대형슈퍼마켓,경기,하우스귤,과일류,감귤,밀감,2500,,1,2인,40대,200만원대,6
2010,1,슈퍼마켓,2010-01-28 00:00:00,목요일,대형슈퍼마켓,경기,단감,과일류,단감,단감,2800,,1,2인,40대,200만원대,28
2010,1,슈퍼마켓,2010-01-20 00:00:00,수요일,대형슈퍼마켓,경기,신고배,과일류,배,신고배,5000,,2,2인,40대,200만원대,20
2010,1,슈퍼마켓,2010-01-20 00:00:00,수요일,대형슈퍼마켓,경기,하우스밀감,과일류,감귤,밀감,2500,,1,2인,40대,200만원대,20
2010,1,슈퍼마켓,2010-01-20 00:00:00,수요일,대형슈퍼마켓,경기,단감,과일류,단감,단감,1500,,5,2인,40대,200만원대,20
2010,1,전문점,2010-01-30 00:00:00,토요일,전문점,인천,배,과일류,배,기타배,9900,,1,4인,30대,300만원대,30
2010,1,대형마트,2010-01-27 00:00:00,수요일,홈플러스익스프레스시흥점,경기,단감,과일류,단감,단감,3990,,1,4인,30대,300만원대,27
2010,1,대형마트,2010-01-26 00:00:00,화요일,홈플러스익스프레스시흥점,경기,네이블오렌지,과일류,오렌지,오렌지,4950,,5,4인,30대,300만원대,26
2010,1,대형마트,2010-01-27 00:00:00,수요일,홈플러스익스프레스시흥점,경기,네이블오렌지,과일류,오렌지,오렌지,4950,,5,4인,30대,300만원대,27
2010,1,전문점,2010-01-30 00:00:00,토요일,전문점,인천,귤,과일류,감귤,밀감,10000,,1,4인,30대,300만원대,30
2010,1,대형마트,2010-01-26 00:00:00,화요일,홈플러스익스프레스시흥점,경기,단감,과일류,단감,단감,2990,,5,4인,30대,300만원대,26
2010,1,대형마트,2010-01-26 00:00:00,화요일,홈플러스익스프레스시흥점,경기,알뜰참다래,과일류,참다래,그린키위,1950,,1,3인,30대,200만원대,26
2010,1,대형마트,2010-01-05 00:00:00,화요일,홈플러스익스프레스시흥점,경기,사과,과일류,사과,기타사과,3490,,1,3인,30대,200만원대,5
2010,1,전통시장,2010-01-22 00:00:00,금요일,재래시장,경기,귤,과일류,감귤,밀감,3000,,1,3인,30대,200만원대,22
2010,1,대형마트,2010-01-08 00:00:00,금요일,홈플러스익스프레스시흥점,경기,사과,과일류,사과,기타사과,6980,,2,3인,30대,200만원대,8
2010,1,대형마트,2010-01-07 00:00:00,목요일,홈플러스익스프레스시흥점,경기,고산지바나나,과일류,바나나,일반바나나,1300,,1,3인,30대,200만원대,7
2010,1,슈퍼마켓,2010-01-29 00:00:00,금요일,대형슈퍼마켓,경기,단감,과일류,단감,단감,1790,,1,3인,30대,200만원대,29
2010,1,대형마트,2010-01-07 00:00:00,목요일,홈플러스익스프레스시흥점,경기,제주골드키위,과일류,참다래,골드키위,4490,,1,3인,30대,200만원대,7
2010,1,대형마트,2010-01-08 00:00:00,금요일,홈플러스익스프레스시흥점,경기,단감특_,과일류,단감,단감,2990,,1,3인,30대,200만원대,8
2010,1,슈퍼마켓,2010-01-09 00:00:00,토요일,대형슈퍼마켓,인천,조생귤,과일류,감귤,밀감,1570,,1,3인,30대,200만원대,9
2010,1,슈퍼마켓,2010-01-29 00:00:00,금요일,대형슈퍼마켓,경기,배,과일류,배,기타배,1980,,2,3인,30대,200만원대,29
2010,1,대형마트,2010-01-07 00:00:00,목요일,홈플러스익스프레스시흥점,경기,그린키위,과일류,참다래,그린키위,3480,,2,3인,30대,200만원대,7
2010,1,슈퍼마켓,2010-01-29 00:00:00,금요일,대형슈퍼마켓,경기,귤,과일류,감귤,밀감,5390,,1,3인,30대,200만원대,29
2010,1,대형마트,2010-01-21 00:00:00,목요일,홈플러스익스프레스시흥점,경기,제주골드키위,과일류,참다래,골드키위,4990,,1,3인,30대,200만원대,21
2010,1,대형마트,2010-01-08 00:00:00,금요일,대형마트일반,경기,노지밀감,과일류,감귤,밀감,6760,,1,4인,40대,200만원 미만,8
2010,1,슈퍼마켓,2010-01-30 00:00:00,토요일,대형슈퍼마켓,인천,후레쉬사과,과일류,사과,기타사과,3980,,1,4인,40대,200만원 미만,30
2010,1,무점포,2010-01-23 00:00:00,토요일,아파트내임시장,인천,귤,과일류,감귤,밀감,3000,,1,4인,40대,200만원 미만,23
2010,1,슈퍼마켓,2010-01-12 00:00:00,화요일,소형슈퍼마켓,인천,대봉,과일류,떫은감,대봉,6000,,1,4인,40대,200만원 미만,12
2010,1,대형마트,2010-01-08 00:00:00,금요일,대형마트일반,경기,사과,과일류,사과,기타사과,7960,,2,4인,40대,200만원 미만,8
